the-hosteller-rishikesh-upper-tapovan	none	-	-	searched: Booking.com, MakeMyTrip, Goibibo, Agoda, Airbnb, EaseMyTrip, Hotels.com, Expedia, Trip.com, Cleartrip, Yatra, OYO, Treebo, FabHotels; nothing matched
umra-grace-in-by-perfect-stayz	none	-	-	searched: Booking.com, MakeMyTrip, Goibibo, Agoda, Airbnb, EaseMyTrip, Hotels.com, Expedia, Trip.com, Cleartrip, Yatra, OYO, Treebo, FabHotels; nothing matched
tourist-rest-house	none	-	-	searched: Booking.com, MakeMyTrip, Goibibo, Agoda, Airbnb, EaseMyTrip, Hotels.com, Expedia, Trip.com, Cleartrip, Yatra, OYO, Treebo, FabHotels; nothing matched
perfectstayz-dhruv-nanda-near-railway-station	none	-	-	searched: Booking.com, MakeMyTrip, Goibibo, Agoda, Airbnb, EaseMyTrip, Hotels.com, Expedia, Trip.com, Cleartrip, Yatra, OYO, Treebo, FabHotels; nothing matched
hostel-hot-house-of-travellers	none	-	-	searched: Booking.com, MakeMyTrip, Goibibo, Agoda, Airbnb, EaseMyTrip, Hotels.com, Expedia, Trip.com, Cleartrip, Yatra, OYO, Treebo, FabHotels; nothing matched
hotel-montreal-madhuban-inn	none	-	-	searched: Booking.com, MakeMyTrip, Goibibo, Agoda, Airbnb, EaseMyTrip, Hotels.com, Expedia, Trip.com, Cleartrip, Yatra, OYO, Treebo, FabHotels; nothing matched
perfectstayz-premium-ganga-heights-at-harkipauri-road	none	-	-	searched: Booking.com, MakeMyTrip, Goibibo, Agoda, Airbnb, EaseMyTrip, Hotels.com, Expedia, Trip.com, Cleartrip, Yatra, OYO, Treebo, FabHotels; nothing matched
grg-pardesi	none	-	-	searched: Booking.com, MakeMyTrip, Goibibo, Agoda, Airbnb, EaseMyTrip, Hotels.com, Expedia, Trip.com, Cleartrip, Yatra, OYO, Treebo, FabHotels; nothing matched
perfect-stays-in	none	-	-	searched: Booking.com, MakeMyTrip, Goibibo, Agoda, Airbnb, EaseMyTrip, Hotels.com, Expedia, Trip.com, Cleartrip, Yatra, OYO, Treebo, FabHotels; nothing matched
sukoon-by-the-ganges-with-private-ganga-ghat	none	-	-	searched: Booking.com, MakeMyTrip, Goibibo, Agoda, Airbnb, EaseMyTrip, Hotels.com, Expedia, Trip.com, Cleartrip, Yatra, OYO, Treebo, FabHotels; nothing matched
savaya-suite-a-four-star-luxury-hotel-near-aims	none	-	-	searched: Booking.com, MakeMyTrip, Goibibo, Agoda, Airbnb, EaseMyTrip, Hotels.com, Expedia, Trip.com, Cleartrip, Yatra, OYO, Treebo, FabHotels; nothing matched
pardesi-har-ki-pauri-road	none	-	-	searched: Booking.com, MakeMyTrip, Goibibo, Agoda, Airbnb, EaseMyTrip, Hotels.com, Expedia, Trip.com, Cleartrip, Yatra, OYO, Treebo, FabHotels; nothing matched
