key	name	city	status_was	reason	same_as_key	same_as_name	metres	url
g-ChIJLduJsxU-CTkRHkAhBnEPEHU	Shree Jee Heights Heaven Hideout on the Ganges - One-Bedroom Apartment	rishikesh	retry	within 40 m of a linked stay with the same name	shree-jee-heights-heaven-hideout-on-the-ganges-one-bedroom-apartment	Shree Jee Heights Heaven Hideout on the Ganges – One – Bedroom Apartment	0	
g-ChIJCzQFx9ITCTkRPfL9GCSia_s	Riversun India Holiday Resort	rishikesh	retry	within 40 m of a linked stay with the same name	india-holiday-resort	India Holiday Resort	22	
g-ChIJhyUB8gYVCTkRfLaEU41D4fc	Palm valley resort rishikesh	rishikesh	retry	within 40 m of a linked stay with the same name	adventuria-palm-valley	Adventuria Palm Valley	3	
g-ChIJjVThrD0WCTkR8Y1rCjKMqao	Luxury 2 Bedroom's Apartment	rishikesh	retry	within 40 m of a linked stay with the same name	luxury-2-bedrooms-appartment	Luxury 2 Bedroom's Appartment	6	
g-ChIJA43vYTwWCTkRSkqJUQQMxSM	Luxury 3 Bedroom's Apartment	rishikesh	retry	within 40 m of a linked stay with the same name	luxury-3-bedroom-s-apartment	Luxury 3 Bedroom's Apartment	0	
g-ChIJweOXYAAXCTkRxkF4bmP7vAQ	Bhumi forest camp	rishikesh	retry	within 40 m of a linked stay with the same name	rishikesh-forest-camp	Rishikesh Forest camp	0	
g-ChIJbw6xx3gUCTkRVud_Ii_Jfl0	The Seven Hills Resort	rishikesh	retry	within 40 m of a linked stay with the same name	the-seven-hills-resort	The Seven Hills Resort	0	
g-ChIJ1yD39U8WCTkRtzNM2IDyMRM	Mahadev Homestay - One-Bedroom Apartment	rishikesh	retry	within 40 m of a linked stay with the same name	mahadev-homestay-one-bedroom-apartment	Mahadev Homestay – One – Bedroom Apartment	0	
g-ChIJV2OZ_0QWCTkRBMZnHywEC7Q	The Anand Mountain View Apartment - Two-Bedroom Apartment	rishikesh	retry	within 40 m of a linked stay with the same name	the-anand-mountain-view-apartment-two-bedroom-apartment	The Anand Mountain View Apartment – Two – Bedroom Apartment	0	
g-ChIJT3kKun9HCTkRj09ykzJT0qk	EKTHAM Hotels	haridwar	retry	within 40 m of a linked stay with the same name	shivanta-by-ektham-hotels	Shivanta by Ektham Hotels	5	
g-ChIJKyN1tO0XCTkRV5FBNpZi01M	Kunjapuri camps - Tent	rishikesh	retry	within 40 m of a linked stay with the same name	kunjapuri-camps	Kunjapuri camps	11	
g-ChIJMVIJKi4RCTkRlVqfCvh13kw	Marvel Cottage Shivpuri - Tent	rishikesh	retry	within 40 m of a linked stay with the same name	marvel-cottage-shivpuri	Marvel Cottage Shivpuri	5	
g-ChIJKyN1tO0XCTkRH9NdGleLilI	Kunjapuri camps - Tent	rishikesh	retry	within 40 m of a linked stay with the same name	kunjapuri-camps	Kunjapuri camps	11	
g-ChIJ76usXDwWCTkRJS7nAC8P1Hs	Atreya Boutique Cottage Near Tapovan - Junior Suite	rishikesh	retry	within 40 m of a linked stay with the same name	villa-atreya-boutique-cottage-serene-near-ram-jhula	Atreya Boutique Cottage near Tapovan	0	
g-ChIJe8poCBkWCTkRYGytC2t20mY	HariHar Niwas- Studio Apartment, near Gangaji	rishikesh	retry	within 40 m of a linked stay with the same name	harihar-niwas-studio-apartment-near-gangaji	HariHar Niwas – Studio Apartment, near Gangaji	0	
g-ChIJESI-C1wWCTkRhjs0LBNX2eE	Karwaan Homestay - Double Room With Balcony	rishikesh	retry	within 40 m of a linked stay with the same name	karwaan-homestay-deluxe-double-room-with-balcony	Karwaan Homestay – Deluxe Double Room with Balcony	0	
g-ChIJM9n6YTwWCTkRoT2zGMjW_ZI	Luxury 4 Bedroom's Apartment	rishikesh	retry	within 40 m of a linked stay with the same name	luxury-4-bedroom-s-apartment	Luxury 4 Bedroom's Apartment	0	
g-ChIJf3IeGhQ_CTkRwEYACXhQuWw	Nirvana | Luxury 2BHK with Ganga view, Rishikesh	rishikesh	retry	within 40 m of a linked stay with the same name	apt-moksha-a-luxury-2bhk-with-ganga-view	Moksha A Luxury 2BHK With Ganga View Apartment	7	
g-ChIJHTfpjQxHCTkRqDhSw5JIjKc	Hotel Bhagat ji Atithigrah	haridwar	duplicate	same place as a linked stay	bhagat-ji-atithi-grah	Hotel Bhagat Ji Atithi Grah	186	
g-ChIJg2_R33wRCTkRN-Xjp4qqq00	Panchpushp (Five Flowers)	rishikesh	duplicate	same place as a linked stay	panchpushp	Panchpushp Hotel	62	
g-ChIJBz5k2QA-CTkRZ-MApyz7TEk	Jaiswal Homestay, Rishikesh - Bed in 8-Bed Mixed Dormitory Room	rishikesh	duplicate	same place as a linked stay	jaiswal-home-stay	Jaiswal Home Stay	82	
g-ChIJi1wvUb0VCTkROkYTwo7y7q4	Unwind Resort And Camp	rishikesh	duplicate	same place as a linked stay	unwind-resort-and-adventure	UNWIND RESORT and ADVENTURE	26	
peacelily-ac-rooms-with-netflix-in-upper-tapovan	Prithvi Hotel – Aesthetic Quite Rooms in Upper Tapovan with Free Airport Pickup for 7 Or More Nights Booking	rishikesh	duplicate	same place as a linked stay	prithvi-aesthetic-rooms-with-netflix-in-upper-tapovan	Prithvi Hotel – Aesthetic Rooms with Netflix in Upper Tapovan	82	
yog-kul-home-stay-premium	Yog Kul Home Stay – Premium	rishikesh	duplicate	same place as a linked stay	yog-kul-homestay-budget	Yog Kul Homestay – Budget	30	
g-ChIJ9SOmvloWCTkR0fPBNwKJlDw	Aloha garden view apartments run by alka - One-Bedroom Apartment	rishikesh	duplicate	same place as a linked stay	aloha-apartments-by-alka	Aloha Apartments by Alka	32	
g-ChIJcVqAYTwWCTkRibsHvVrjcNU	Amoha Homestay Rishikesh - Premium Room with Ganga View	rishikesh	duplicate	same place as a linked stay	amoha-homestay-rishikesh-deluxe-room	Amoha Homestay Rishikesh – Deluxe Room	0	
shaurya-rishikesh-inn	Shaurya Inn	rishikesh	duplicate	same place as a linked stay	house-shaurya-rishikesh	Shaurya Guest House	105	
g-ChIJxZBYiTgXCTkREJm28gRiI_E	Almost Heaven	rishikesh	duplicate	same place as a linked stay	apt-aloha-ganga-view-2bhk-by-almost-heaven	Aloha on the Ganga&Mountain View 2BHK By Almostheaven	41	
hotel-rishikesh-271	Hotel Arti Cottage	rishikesh	duplicate	same place as a linked stay	arti-cottage-feel-like-home	Arti Cottage Feel Like Home	111	
g-ChIJjWaT_CwXCTkRv8Ru6bD6JHM	Nature Lap Camping	rishikesh	duplicate	same place as a linked stay	camp-nature-view	Camp Nature View	168	
ramawati	Hotel Ramawati	haridwar	duplicate	same place as a linked stay	ramawati-near-ganga-ghat	Hotel Ramawati near Ganga Ghat	4	
ganges-blossam-haridwar-rishikesh-road-a-four-star-luxury	Ganges Blossam, Haridwar – Rishikesh Road – A Four Star Luxury Hotel	rishikesh	duplicate	same place as a linked stay	ganges-blossom	Ganges Blossom Hotel	4	
g-ChIJqyE-tEgWCTkRBhjalHQtquM	Yogvan Holiday's 1BHK Sunrise Apartment Tapovan	rishikesh	duplicate	same place as a linked stay	yogvan-luxury-1bhk-apartments-tapovan	Yogvan Luxury 1BHK Apartments Tapovan	21	
shiva-nearby-bus-and-railway-station	Hotel Shiva Palace Haridwar – Nearby Bus and Railway Station	haridwar	duplicate	same place as a linked stay	hotel-haridwar-139	Hotel Shiva Palace	6	
g-ChIJa_B7nE0_CTkR6KAogpfwuwA	The Palms Resorts	rishikesh	duplicate	same place as a linked stay	the-palms-resort	The Palms Resort	13	
g-ChIJhW9_hzwWCTkRQTufsYb5XAQ	Amoha Homes - Yashas 3BHK Apartment - Three-Bedroom Apartment	rishikesh	retry	within 40 m of a linked stay with the same name	amoha-homes-yashas-3bhk-apartment	Amoha Homes || Yashas 3BHK Apartment	0	
prithvi-aesthetic-quite-rooms-with-smart-tv-ac	Prithvi Hotel Rishikesh – Aesthetic Quite Rooms with Smart TV, AC, WiFi and Free Airport Pickup for 7 Plus Night Stays in Upper Tapovan	rishikesh	duplicate	same place as a linked stay	prithvi-aesthetic-rooms-with-netflix-in-upper-tapovan	Prithvi Hotel – Aesthetic Rooms with Netflix in Upper Tapovan	98	
hotel-haridwar-247663	Hotel Madhuban	haridwar	duplicate	same place as a linked stay	madhuban-har-ki-pauri	Hotel Madhuban – Har Ki Pauri	102	
g-ChIJzQKm6OJHCTkRnMrVA5CaUcU	Goroomgo Bhameshwari Haridwar	haridwar	duplicate	same place as a linked stay	goroomgo-bhameshwari-near-vaishno-devi-temple	Goroomgo Bhameshwari Haridwar near Vaishno Devi Temple	15	
g-ChIJGcjFJWhGCTkRCjtsia3z8yc	Agrawal Homestay - Family Suite with Balcony	haridwar	duplicate	same place as a linked stay	agrawal-homestay	Agrawal Homestay	0	
g-ChIJd-mk7loWCTkRKnpQ7T7SFNo	Aloha Service Apartments - One-Bedroom Apartment	rishikesh	duplicate	same place as a linked stay	luxury-aloha-apartments-rishikesh	Luxury Aloha Apartments	95	
g-ChIJ24WdQMVFCTkRwLgkXkv3v9g	Evaara by the Ganges	haridwar	duplicate	same place as a linked stay	evaara-by-the-ganges	Evaara by the Ganges A Ganga Access Resort & Jungle Safari	26	
g-ChIJJ04g9zs-CTkRnoGhM6lER_Y	Mokshika's Homestay at Rishikesh - Two-Bedroom Apartment With Balcony	rishikesh	duplicate	same place as a linked stay	mokshikas-homestay-at-rishikesh	Mokshika's Homestay at Rishikesh	15	
the-shore-travelista	The Shore Travelista	rishikesh	duplicate	same place as a linked stay	the-shore-by-blue-waves	Hotel the Shore by Imperial Heaven Hotels	235	
resort-the-forest-view	The Forest View Resort	rishikesh	duplicate	same place as a linked stay	forest-view-rishikesh	Forest View Hotel	67	
g-ChIJfQAQXbhHCTkRWpngWJQG4Ko	Perfect Stayz Premium Ganga Heights	haridwar	duplicate	same place as a linked stay	perfectstayz-premium-ganga-heights-at-harkipauri-road	Perfectstayz Premium Ganga Heights – Ganga View Rooftop Cafe	4	
g-ChIJUyYMGAAXCTkRdNE-HsC5aNE	Green River camping	rishikesh	duplicate	same place as a linked stay	green-river-camp	Waterfall Camping A Hidden Paradise near Rishikesh	13	
g-ChIJnW3zMgBHCTkRZJKgYYmRxJs	Hotal alpaca	haridwar	duplicate	same place as a linked stay	alpana	Hotel Alpana	11	
g-ChIJK6T-EyQ_CTkRNV1p3x9xS_I	Vanasutra Resort	rishikesh	duplicate	same place as a linked stay	vanasutra-resort-by-alaya-stays	VanaSutra Resort by Alaya Stays	1	
g-ChIJjxD9YhgWCTkRMBBPZSmK2Tc	Prem Basant Homestay - Apartment - Ground Floor	rishikesh	duplicate	same place as a linked stay	prem-basant-homestay	Prem Basant Homestay	7	
around-stays-rishikesh-tapovan	Around Stays Rishikesh, Tapovan	rishikesh	duplicate	same place as a linked stay	around-stays-mystara-hotels-tapovan	Around Stays – Mystara Hotels, Tapovan	1	
g-ChIJXT7q00dGCTkRBf0UHv6YtFI	Hotel Mother Land	haridwar	duplicate	same place as a linked stay	mother-land-near-ganga-ghat	Hotel Mother Land near Prem Aashram Ganga Ghat	100	
g-ChIJCw0qzDclCTkR_IF_nLSVdyw	The Chirping Sal Villa by ShivStuti Homestays	rishikesh	duplicate	same place as a linked stay	the-chirping-sal-villa-by-shivstuti-homestays-king-room-with-mountain-	The Chirping Sal Villa, by ShivStuti HomeStays – King Room with Mountain View	25	
g-ChIJ91UKXzwWCTkRerPAHhMnUNY	Aarohan Cottage By Ganga Kripa - Deluxe Double Room with Balcony	rishikesh	duplicate	same place as a linked stay	aarohan-by-ganga-kripa-a-luxury-cottage	Aarohan by ganga kripa (A luxury cottage)	102	
haven	Hotel Haven	rishikesh	duplicate	same place as a linked stay	haven-on-hill	Haven on Hill – Rishikesh Hotel	220	
g-ChIJ76usXDwWCTkRzESRGZbgM7s	Atreya Boutique Cottage Near Tapovan - King Suite	rishikesh	duplicate	same place as a linked stay	villa-atreya-boutique-cottage-serene-near-ram-jhula	Atreya Boutique Cottage near Tapovan	0	
g-ChIJiffjMDwWCTkRu15Vg6Ul27A	Luxury Cottage by iTvara | 2 Bedrooms near Ganges	rishikesh	duplicate	same place as a linked stay	luxury-cottage-by-itvara-villa	Luxury Cottage by iTvara – Villa	178	
madhusudan	Hotel Madhusudan	rishikesh	duplicate	same place as a linked stay	hotel-madhu-sudan	Hotel Madhu Sudan	113	
g-ChIJmSyf2iAkCTkReXA8clj7Z9Q	The Chirping Sal Villa, by ShivStuti HomeStays - Three-Bedroom Villa	rishikesh	duplicate	same place as a linked stay	the-chirping-sal-villa-by-shivstuti-homestays-king-room-with-mountain-	The Chirping Sal Villa, by ShivStuti HomeStays – King Room with Mountain View	1	
tapovan-rise-cottages-and-cafe-rishikesh	Tapovan Rise Cottages and Cafe	rishikesh	duplicate	same place as a linked stay	o-tapovan-rise-cottages-and-cafe	Hotel O Tapovan Rise Cottages and Cafe	8	
g-ChIJIVnhrD0WCTkRS9wl-lxBt64	Luxury 2 Bedroom's Apartment	rishikesh	retry	within 40 m of a linked stay with the same name	luxury-2-bedrooms-appartment	Luxury 2 Bedroom's Appartment	6	
hotel-rishikesh-259192	Hotel Laxman Jhula Inn	rishikesh	duplicate	same place as a linked stay	hotel-rishikesh-273	Country Inn Rishikesh at Laxman Jhula	61	
g-ChIJ8cEhAZM5CTkRkRrAHWFtjt0	Hotel Sarovar Hill	haridwar	duplicate	same place as a linked stay	sarovar-hill	Hotel Sarovar Hill, 5 Min from Har Ki Pauri	28	
g-ChIJiRKEdPc9CTkROfLxXQ5jITw	Premium 2BHK Stay in Rishikesh - Two-Bedroom Apartment	rishikesh	duplicate	same place as a linked stay	premium-2bhk-stay-in	Premium 2BHK Stay in Rishikesh	1	
entire-floor-luxury-3bhk-3baths-5-double-beds-in	Modern Luxury 3BHK 3Double Beds Lift Kitchen Parking in Tapovan Nr Laxman Jhulla	rishikesh	duplicate	same place as a linked stay	entire-floor-luxury-3bedrooms-luxury-flat-kitchen-tapovan-nr-laxman-jh	Entire Floor Luxury 3Bedrooms Luxury Flat kitchen Tapovan Nr Laxman Jhulla – Apartment with Balcony	101	
g-ChIJ6yDNcVJGCTkRR6mT5C_lXDM	UVs Homestay - Deluxe Double or Twin Room with Balcony	haridwar	duplicate	same place as a linked stay	uvs-homestay	Uvs Homestay	1	
g-ChIJ08Pa4tQWCTkR-hLzyr6fodY	Shivpuri Hills Camp - Triple Room with Private Bathroom	rishikesh	duplicate	same place as a linked stay	shivpuri-hills-camps	Shivpuri hills camps	0	
g-ChIJ7bg6er8VCTkRsriUIeol6eo	Divyam Resorts, Neelakhant Road Rishikesh	rishikesh	duplicate	same place as a linked stay	divyam-resorts	Divyam Resorts	0	
g-ChIJYfrZQAARCTkR3Onwwux2jQM	The Parth Resort	rishikesh	retry	within 40 m of a linked stay with the same name	the-parth-resort	The Parth Resort	2	
rama-best-selling-property-in	Hotel Rama – Best Selling Property in Haridwar	haridwar	duplicate	same place as a linked stay	hotel-ramawati-by-sitara-group	Hotel Ramawati by Sitara Group	58	
g-ChIJD3TXZjIlCTkRznWQqMdOXmw	Airport Luxury Nature Homestay- Near Jolly Grant Airport Dehradun - Family Room with Mountain View	rishikesh	duplicate	same place as a linked stay	airport-luxury-nature-homestay-near-jolly-grant-airport-dehradun-doubl	Airport Luxury Nature Homestay – Near Jolly Grant Airport Dehradun – Double Room with Mountain View	0	
house-paradise-palm	Paradise Palm Guest House	rishikesh	duplicate	same place as a linked stay	paradise-palm	Hotel Paradise Palm	25	
g-ChIJQdD86mRHCTkRXccubFBl0J8	Hotel Hari Dhara	haridwar	duplicate	same place as a linked stay	hari-dhara-100-meters-from-har-ki-pauri	Hotel Hari Dhara, 100 Meters from Har – Ki-Pauri	22	
g-ChIJOWB58jdGCTkRBH5YmLA0b1g	Hotel Jagat inn	haridwar	duplicate	same place as a linked stay	collection-o-3269-jagat	Collection O 3269 Hotel Jagat Inn	21	
g-ChIJt_c7Oj4WCTkRtOt5cTC88IU	Green Hotel	rishikesh	duplicate	same place as a linked stay	green-behind-parmarth-niketan	Hotel Green – Behind Parmarth Niketan	0	
apt-himalayas	Himalayas Apartment	rishikesh	duplicate	same place as a linked stay	himalaya-stays-near-laxman-jhula	Himalaya Stays – Near Laxman Jhula	7	
g-ChIJ01h6zB8XCTkRI0mXjs65brA	SilveraStays Tapovan, Rishikesh	rishikesh	duplicate	same place as a linked stay	mountain-moods-by-silverastays-tapovan	Mountain Moods by Silverastays Tapovan	0	
ensquare-2-bhk-apartments-with-kitchen-rooftop	Ensquare Hotel – 2BHK Apartments with Kitchen, Rooftop River View Cafe, Live Events	rishikesh	duplicate	same place as a linked stay	ensquare-2-bedroom-apartments-near-laxman-jhula	Ensquare Hotel – 2 Bedroom Apartments near Laxman Jhula with Kitchen	20	
g-ChIJXzD9qG8XCTkRtBCQLVCzPXA	Hotel Hitam Home	rishikesh	duplicate	same place as a linked stay	hotel-rishikesh-278	Hotel Hitam Rishikesh 2Min Walk to Parmarth Niketan Aashram, Vanprastha Aashram	232	
house-hillway-1	Hillway Guest House	haridwar	duplicate	same place as a linked stay	house-o-hill-way	Hotel O Hill Way Guest House	27	
house-o-trimurti	Hotel O Trimurti Guest House	haridwar	duplicate	same place as a linked stay	oyo-88383	OYO 88383 त्रिमूर्ति गेस्ट हाउस	5	
srinivasa-homestay-by-yatrimap	Srinivasa Homestay Natraj Chowk Isbt by Yatrimap	rishikesh	duplicate	same place as a linked stay	srinivasa-homestay	Srinivasa Homestay	0	
rudra-by-di-ganga	Rudra by Di Ganga Apartment	rishikesh	duplicate	same place as a linked stay	rudra-by-di-ganga-4bhk-furnished-in-front-of-ganga	Rudra by Di Ganga 4BHK Furnished in Front of Ganga Apartment	74	
chitra-heritage	Hotel Chitra Heritage	haridwar	duplicate	same place as a linked stay	chitra-heritage-near-railway-station	Chitra Heritage near Railway Station	4	
mountain-view-room-by-yog-tapovan	Mountain View Room by Yog Tapovan	rishikesh	duplicate	same place as a linked stay	yog-tapovan	Yog Tapovan – Mountain View Rooms	9	
aryan	Hotel Aryan Inn	haridwar	duplicate	same place as a linked stay	hotel-haridwar-153	Hotel Aryan Inn at Railway Station Road	7	
resort-sitara-premium-ndbl-a-four-star-luxury-hotel-near	Hotel Ramawati Classic near Ganga Ghat	haridwar	duplicate	same place as a linked stay	naina-a-luxurious-hotel	Hotel Ramawati, A Luxury Hotel & Resort	50	
bunk-house	Bunk House Hostel	rishikesh	duplicate	same place as a linked stay	hostel-bunk	Bunk Hostel	236	
a-budget-sheeva-palace-near-tulshi-chowk	A Budget Hotel Shiva Palace near Ganesh Ghat, Amrapur Ghat	haridwar	duplicate	same place as a linked stay	hotel-haridwar-139	Hotel Shiva Palace	26	
athalia-guesthouse	Athalia Guesthouse	rishikesh	duplicate	same place as a linked stay	athalia-residency-by-moon-stay	Athalia Residency by Moon Stay	113	
aura-inn	Rishikesh Aura Inn	rishikesh	duplicate	same place as a linked stay	aura-tapovan	Aura Tapovan	189	
sitara-premium-the-ramawati	Sitara Premium the Ramawati, Walking Distance from Ganga Ghat	haridwar	duplicate	same place as a linked stay	naina-a-luxurious-hotel	Hotel Ramawati, A Luxury Hotel & Resort	11	
tapovanam	Hotel Tapovanam	rishikesh	duplicate	same place as a linked stay	itsy-hotels-nv-tapovan	Itsy Hotels Nv, Tapovan	124	
rama-near-ganga-ghat-haridwar	Hotel Rama, Near Ganga Ghat	haridwar	duplicate	same place as a linked stay	naina-a-luxurious-hotel	Hotel Ramawati, A Luxury Hotel & Resort	3	
g-ChIJP5ctUQA9CTkRXI_ZbR9hbKE	Madhuban Home Stay	rishikesh	duplicate	same place as a linked stay	madhuban-homestay-natraj-chowk	Madhuban Homestay, Natraj Chowk	28	
jsr-residency-by-akc-hotels	Hotel Jsr Residency by Akc Hotels	rishikesh	duplicate	same place as a linked stay	hotel-jsr-residency	Hotel JSR Residency	0	
g-ChIJCZ9APSk_CTkRDfULyWZg64A	OZY Homestay - Two-Bedroom Family Apartment	rishikesh	duplicate	within 40 m of a linked stay with the same name	ozy-homestay-two-bedroom-apartment	OZY Homestay – Two – Bedroom Apartment	0	
g-ChIJESI-C1wWCTkRi-n8wukDupk	Karwaan Homestay - Double Room with Balcony	rishikesh	duplicate	within 40 m of a linked stay with the same name	karwaan-homestay-deluxe-double-room-with-balcony	Karwaan Homestay – Deluxe Double Room with Balcony	0	
g-ChIJr78zk1IXCTkRii6WP1NCZj8	House of Tapovan	rishikesh	duplicate	same place as a linked stay	house-of-tapovan	House of Tapovan 4	7	
g-ChIJp0SHtkgWCTkR4s_rjioL4dw	Lovely Homes, Rishikesh - One-Bedroom Apartment	rishikesh	retry	within 40 m of a linked stay with the same name	lovely-homes-rishikesh-one-bedroom-apartment	Lovely Homes, Rishikesh – One – Bedroom Apartment	0	
wonder-hills-har-ki-pauri-road	Hotel Wonder Hills, Har Ki Pauri Road	haridwar	duplicate	same place as a linked stay	wonder-hills-hotel	Wonder Hills Hotel	0	
g-ChIJTxBL-zs-CTkRKE2IWwwXUvc	Homestay at Rishikesh - One-Bedroom Apartment	rishikesh	retry	within 40 m of a linked stay with the same name	aniganges-one-bedroom-apartment	AniGanges – One – Bedroom Apartment	21	
g-ChIJuTnwKK8_CTkR__wygm_yvb0	Down town resorts	rishikesh	duplicate	same place as a linked stay	resort-rajaji-downtown-cafe	Rajaji Downtown Resort & Cafe	77	
city-empire	Hotel La Meridian Managed by Sitara Group	haridwar	duplicate	same place as a linked stay	la-meridian-near-harkepauri-road	Sitara Premium La Meridian	13	
g-ChIJOV55f3w_CTkRJS7w9uIZfE4	The Neeraj River Forest Resort - Resort in Rishikesh	rishikesh	duplicate	same place as a linked stay	resort-the-neeraj-river-forest-ayurvedic-wellness-center	The Neeraj River Forest Resort Ayurvedic Wellness Center	18	
hotel-rishikesh-20	Mj River Resort	rishikesh	duplicate	same place as a linked stay	mj-river-resort-by-dls-hotels	MJ River Resort by DLS Hotels	70	
g-ChIJ-XHS5VYWCTkR3twDnugmB2s	Rishikesh Sadan	rishikesh	duplicate	same place as a linked stay	sadan-the-spiritual-retreat	Rishikesh Sadan – The Spiritual Retreat Hotel	6	
g-ChIJPX5n_z1HCTkRvBrK9dj9vrE	Arina Vedic Haveli	haridwar	duplicate	same place as a linked stay	arina-vedic-haveli-2-min-walk-for-ganga-ghat	Arina Vedic Haveli Haridwar 2 Min Walk for Ganga Ghat	40	
prithvi-rishikesh	Prithvi Hotel Rishikesh – Aesthetic Rooms in Upper Tapovan with Aircon, Smart TV and Free Airport Pickup for 7 Or More Nights Booking	rishikesh	duplicate	same place as a linked stay	prithvi-aesthetic-rooms-with-netflix-in-upper-tapovan	Prithvi Hotel – Aesthetic Rooms with Netflix in Upper Tapovan	0	
ima-ganga-aesthetic-quite-mountain-view-rooms	Ima Ganga Hotel – Aesthetic, Quite Mountain View Rooms with Netflix, Free Airport Pickup for Booking More Than 7 Nights, Elevator, Backup, Room Heater in Upper Tapovan	rishikesh	duplicate	within 40 m of a linked stay with the same name	ima-ganga-aesthetic-quite-mountain-view-rooms-249137	Ima Ganga Hotel – Aesthetic, Quite Mountain View Rooms in Upper Tapovan with Netflix, Free Airport Pickup for 7 Or More Nights Booking	8	
resort-glampers	Glampers Resort	rishikesh	duplicate	same place as a linked stay	resort-glampers-rishikesh	Glampers Resort Rishikesh at River Side	189	
resort-tapovan-rishikesh	Tapovan Resort	rishikesh	none	within 40 m of a linked stay with the same name	hotel-rishikesh-162	Tapovan Guest House	39	
o-dev-raj	Hotel O Dev Raj	rishikesh	duplicate	same place as a linked stay	hotel-rishikesh-285	Hotel Dev Raj	21	
g-ChIJOSNXf6pHCTkRxF-6bdDcrEg	2-bedroom apartment in enjoyable Haridwar with AC	haridwar	none	within 40 m of a linked stay with the same name	2-bedroom-apartment-in-enjoyable-haridwar-with-ac	2-bedroom apartment in enjoyable Haridwar with AC	20	
ramawati-top-rated-most-awarded-hotel-in-haridwar	Hotel Ramawati, Top Rated & Most Awarded Hotel in Haridwar	haridwar	duplicate	same place as a linked stay	naina-a-luxurious-hotel	Hotel Ramawati, A Luxury Hotel & Resort	15	
g-ChIJk8gkgQRHCTkRqaAUn1kCuBY	Sindhi Restaurant & Hotel	haridwar	duplicate	same place as a linked stay	shanti-niketan-dharamshala	Shanti Niketan Dharamshala	143	
around-stays-rising-hills-tapovan	Around Stays Plus, Tapovan	rishikesh	none	within 40 m of a linked stay with the same name	around-stays-house-of-tourists	Around Stays, Tapovan	2	
dormitory-raj	Dormitory – Hotel Raj	haridwar	none	within 40 m of a linked stay with the same name	dormitory-in-by-raj	Dormitory in Haridwar – By Hotel Raj	8	
resort-mr-river-mohanchatti	Mr River Resort – Mohanchatti	rishikesh	none	within 40 m of a linked stay with the same name	mr-river-resort	MR River Resort	5	
g-ChIJx4luj3sUCTkRuE4pMtTwPX8	Grandeur's Tiger Estate	rishikesh	duplicate	same place as a linked stay	tiger-estate-by-opulence-hotels	TIGER ESTATE by OPULENCE HOTELS	76	
grey-castle	Hotel Grey Castle	haridwar	duplicate	same place as a linked stay	shiv-narayana	Hotel Grey Castle – Near Haridwar Railway Station	106	
navira-hills-glamping-dome-in	Navira Hills – Glamping Dome in Rishikesh Hotel	rishikesh	duplicate	same place as a linked stay	navira-hills-domes-rishikesh-shivpuri	Navira Hills Domes Rishikesh Hotel	1	
g-ChIJtYWwgxglCTkRy0EwHLg2nCk	The Bougainvillea Cottage - Private 2BR Farm-Stay with Hill and Orchard Views - Family Room	rishikesh	retry	within 40 m of a linked stay with the same name	the-bougainvillea-cottage-private-2br-farm-stay-with-hill-and-orchard-	The Bougainvillea Cottage – Private 2BR Farm – Stay with Hill and Orchard Views – Family Room	1	
hotel-rishikesh-164	Hotel Orange	rishikesh	duplicate	same place as a linked stay	orange-classic-rishikesh	Hotel Orange Classic	72	
g-ChIJN094ADw-CTkRD6S3oe1sXbs	Gangdwaram apartment	rishikesh	duplicate	same place as a linked stay	gangdwaram-apartment-one-bedroom-apartment	Gangdwaram Apartment – One – Bedroom Apartment	0	
g-ChIJzfEjUgIlCTkRf5EUr7Fei3w	Aashray homestay	rishikesh	retry	within 40 m of a linked stay with the same name	aashray-homestay	Aashray Homestay	3	
shiva-palace-at-mayapur-road	Hotel Shiva Palace near Railway Station and Bus Stand	haridwar	duplicate	same booking page as a linked stay	hotel-haridwar-139	Hotel Shiva Palace		https://www.booking.com/hotel/in/shiva-international-at-mayapur-road-haridwar.html
treepie-resorts	Treepie Resorts	rishikesh	duplicate	same booking page as a linked stay	resort-treepie-river-by-live-hotels	Treepie River Resort by Live Inn Hotels		https://www.booking.com/hotel/in/treepie-river-resort-by-live-inn-hotels-rishikesh.html
shaurya-249407	Hotel Shaurya by Sharma 0Nline Solution	haridwar	duplicate	same booking page as a linked stay	shaurya-haridwar	Hotel Shaurya		https://www.booking.com/hotel/in/shaurya-haridwar1.html
g-ChIJFWyGqy4TCTkRulEcpu_o5cA	Silver River Resort | Mohan Chatti Rishikesh	rishikesh	duplicate	same booking page as a linked stay	silver-river-resort	Silver River Resort		https://www.booking.com/hotel/in/silver-river-resort.html
g-ChIJD8M4vAcUCTkRAa2LCcl9C0Y	Junglelore camp resort retreat - Tent	rishikesh	duplicate	same booking page as a linked stay	jungle-lore-camp-resort-retreat	Jungle Lore Camp Resort & Retreat		https://www.makemytrip.com/hotels/jungle_lore_camp_resort_retreat-details-rishikesh.html
g-ChIJ5UvRov49CTkRim37TXpkzEQ	The Neeraj Ganga Divine Stays with Ganga View Glasshouse Villa , 2 BHK Pvt Pool Lift - Two-Bedroom Apartment	rishikesh	duplicate	same booking page as a linked stay	the-neeraj-ganga-divine-stay-truly-lives-up-to-it	The Neeraj Ganga Divine Stay with Himalayas and Ganga View		https://www.booking.com/hotel/in/the-neeraj-ganga-divine-stay-truly-lives-up-to-it.html
g-ChIJ6yDNcVJGCTkRggGODGAIb6Y	UVs Homestay - Double Room with Extra Bed	haridwar	duplicate	same booking page as a linked stay	uvs-homestay	Uvs Homestay		https://www.booking.com/hotel/in/uvs-homestay.html
g-ChIJmSyf2iAkCTkRBvCBXzReSEg	The Chirping Sal Villa, by ShivStuti HomeStays - Three-Bedroom Villa	rishikesh	retry	within 40 m of a linked stay with the same name	g-ChIJmSyf2iAkCTkReXA8clj7Z9Q	The Chirping Sal Villa, by ShivStuti HomeStays - Three-Bedroom Villa	0	
g-ChIJnVfe9js-CTkRlO72rTc2e1E	Mokshika's Homestay at Rishikesh - Two-Bedroom Apartment with Balcony	rishikesh	retry	within 40 m of a linked stay with the same name	g-ChIJJ04g9zs-CTkRnoGhM6lER_Y	Mokshika's Homestay at Rishikesh - Two-Bedroom Apartment With Balcony	2	
ima-ganga-aesthetic-quite-mountain-view-rooms-rishikesh	Ima Ganga Hotel – Aesthetic, Quite Mountain View Rooms with Netflix, Free Airport Pickup for 7 Or More Nights Booking, Elevator and Backup in Upper Tapovan	rishikesh	review	page pin within 200 m of our pin	ima-ganga-aesthetic-quite-mountain-view-rooms-249137	Ima Ganga Hotel – Aesthetic, Quite Mountain View Rooms in Upper Tapovan with Netflix, Free Airport Pickup for 7 Or More Nights Booking	80	https://www.booking.com/hotel/in/imaganga.html
fabhotel-shree-vilas	Fabhotel Shree Vilas	haridwar	review	page pin within 200 m of our pin	shree-vilas-haridwar	Hotel Shree Vilas	64	https://www.booking.com/hotel/in/shree-vilas-haridwar.html
goroomgo-ubex-home-jungle-safari-restaurant	Goroomgo Ubex Home Rishikesh – Jungle Safari – Restaurant	rishikesh	review	page pin within 200 m of our pin	ubex-home	Ubex Home	159	https://www.makemytrip.com/hotels/ubex_home-details-rishikesh.html
goroomgo-anandam-home-stay-near-bus-stand-railway	Goroomgo Anandam Home Stay Rishikesh near Bus Stand – Railway Station – Best Customer Service Experience	rishikesh	review	page pin within 200 m of our pin	anandam-home-stay	Anandam Home Stay	8	https://www.booking.com/hotel/in/anandam-home-stay.html
the-rio-lodge	The Rio Lodge	haridwar	review	page pin within 200 m of our pin	the-reo-lodge	The Reo Lodge	20	https://www.agoda.com/the-reo-lodge/hotel/haridwar-in.html
rama-top-rated-and-most-awarded-property-in	Hotel Rama, Top Rated and Most Awarded Property in Haridwar	haridwar	review	page pin within 200 m of our pin	the-rama-luxury-ac-rooms-prime-location-parking	Hotel the Rama Haridwar #Luxury AC Rooms #Prime Location #Parking #Top Rated #Most Awarded #Property Of the Year	12	https://www.goibibo.com/hotels/rama-ashram-hotel-in-haridwar-4476955093636522082/
around-stays-hotel-aviral-ganga-tapovan	Around Stays – Hotel Aviral Ganga, Tapovan	rishikesh	review	page pin within 200 m of our pin	hotel-rishikesh-35	Aviral Ganga	171	https://www.booking.com/hotel/in/rk-heirtage-stays.html
badri-palace-rishikesh	Hotel Badri Palace	rishikesh	review	page pin within 200 m of our pin	hotal-badri-palace	Hotal Badri Palace	3	https://www.booking.com/hotel/in/badri-palace-rishikesh6.html
dev-palace-by-wb	Hotel Dev Palace by Wb Inn	rishikesh	review	page pin within 200 m of our pin	dev-palace-road-tapovan-rishikesh	Hotel Dev Palace, Badrinath Road, Tapovan	44	https://www.agoda.com/dev-palace/hotel/rishikesh-in.html
hostel-shanti	Shanti Hostel	rishikesh	review	page pin within 200 m of our pin	hostel-shanti-aesthetic-room-with-netflix-ac-in-upper-tapovan	Shanti Hostel – Aesthetic Room with Netflix, & AC in Upper Tapovan	20	https://www.agoda.com/shanti-hostel-rishikesh/hotel/rishikesh-in.html
fabhotel-madhuban-inn	Fabhotel Madhuban Inn	rishikesh	review	page pin within 200 m of our pin	madhuban-inn	Madhuban Inn	23	https://www.booking.com/hotel/in/madhuban-inn-rishikesh-rishikesh.html
super-oyo-capital-o-yogasthali-and-spa	Super OYO Capital O Yogasthali Inn Hotel and Spa	rishikesh	review	page pin within 200 m of our pin	the-yogasthali	The Yogasthali Hotel	41	https://www.booking.com/hotel/in/in-rishikesh-yogasthali-rishikesh.html
stayvista-at-echoes-of-ease-with-bonfire-wifi	Echoes of Ease by Veo, Stayvista – 4BHK Villa with BBQ & Bonfire	rishikesh	review	page pin within 200 m of our pin	stayvista-at-echoes-of-ease	StayVista at Echoes of Ease	5	https://www.booking.com/hotel/in/stayvista-at-echoes-of-ease-with-bonfire-amp-wifi.html
hostel-babas	Baba's Rishikesh Hostel	rishikesh	review	page pin within 200 m of our pin	hotel-rishikesh-239	Baba's Rishikesh	0	https://www.makemytrip.com/hotels/baba_s_hostel_with_rooftop_cafe-details-rishikesh.html
spot-on-43453-yuvraj	Spot on 43453 Hotel Yuvraj	rishikesh	review	page pin within 200 m of our pin	hotel-yuvraj-rishikesh	Hotel Yuvraj	76	https://www.agoda.com/hotel-yuvraj/hotel/rishikesh-in.html
g-ChIJ25920E9HCTkRiJQ95NWzLiY	Dharma Ganga Cottages At Ganga Ghat	haridwar	review	page pin within 200 m of our pin	dharma-ganga-cottages	Dharma Ganga Cottages	11	https://www.trip.com/hotels/haridwar-1-hotel-detail-31572744/dharma-ganga-cottages/
anandmay-homestay-isbt-249201	Anandmay Homestay, Isbt	rishikesh	review	page pin within 200 m of our pin	anandmay-homestay-rishikesh	Anandmay Homestay, Near Triveni Ghat	46	https://www.booking.com/hotel/in/anandmay-homestay-rishikesh.html
g-ChIJ7xK_q0UWCTkR8sJv8SrRMP8	Ensquare Hotel - 2 Bedroom apartment near laxman jhula tapovan - Two-Bedroom Apartment with Mountain View	rishikesh	review	page pin within 200 m of our pin	ensquare-apartments	Ensquare Apartments	60	https://www.makemytrip.com/hotels/ensquare_apartments-details-rishikesh.html
g-ChIJjzoPDQwXCTkRU0L_AJQBpuQ	Hotel Nirvana Bliss	rishikesh	review	page pin within 200 m of our pin	nirvana-bliss-behind-parmarth-niketan	Hotel Nirvana Bliss, Behind Parmarth Niketan	3	https://www.booking.com/hotel/in/nirvana-bliss-rishikesh.html
oyo-townhouse-853-the-royal-aroma	OYO Townhouse 853 Hotel the Royal Aroma	haridwar	review	page pin within 200 m of our pin	the-royal-aroma	The Royal Aroma	33	https://www.makemytrip.com/hotels/the_royal_aroma-details-haridwar.html
g-ChIJze3dKS4RCTkR7bGBiTJ056M	Panchvati Cottage	rishikesh	review	page pin within 200 m of our pin	panchvati-cottage-route	Panchvati Cottage | route	61	https://www.agoda.com/panchvati-cottage-h34324730/hotel/rishikesh-in.html
g-ChIJmZ0fyEgWCTkRItmqnoKHvO0	Orraica 207 Apartment in Tapovan near Lakshman Jhula with Kitchen - One-Bedroom Apartment	rishikesh	review	page pin within 200 m of our pin	orraica-207-apartment-in-tapovan	Orraica 207 Apartment in Tapovan	5	https://www.agoda.com/orraica-207-apartment-in-tapovan/hotel/rishikesh-in.html
g-ChIJhW9_hzwWCTkRG_JUcoT6l5M	Amoha Homestay Rishikesh - Superior Double Room	rishikesh	review	page pin within 200 m of our pin	amoha-homestay-rishikesh-deluxe-room	Amoha Homestay Rishikesh – Deluxe Room	61	https://www.trip.com/hotels/rishikesh-hotel-detail-109123354/amoha-homestay/
g-ChIJkzv5E0UWCTkRYpc9S6ZKyHo	Beautiful 1 Bhk in Tapovan - One-Bedroom Apartment	rishikesh	retry	within 40 m of a linked stay with the same name	g-ChIJ-ZvBFEUWCTkRnFV6Kl8_zn4	Beautiful 1 Bhk in Tapovan - One-Bedroom Apartment	0	
g-ChIJH9EuyEgWCTkRaME-fuCwX7o	Exclusive 1 Bhk Apartment in Rishikesh - One-Bedroom Apartment	rishikesh	retry	within 40 m of a linked stay with the same name	g-ChIJH9EuyEgWCTkRRXgGnvasdLw	Exclusive 1 Bhk Apartment in Rishikesh - One-Bedroom Apartment	0	
g-ChIJMbLNPhlJCTkRW58goDnwXzk	Blissful Stays - One-Bedroom Apartment	haridwar	retry	within 40 m of a linked stay with the same name	blissful-stays-one-bedroom-apartment	Blissful Stays – One – Bedroom Apartment	0	
homestay-at	Homestay at Rishikesh	rishikesh	none	it has a verified link now	homestay-at	Homestay at Rishikesh		
apt-in-rishikesh	Apartment in Rishikesh	rishikesh	retry	within 40 m of a linked stay with the same name	homestay-at	Homestay at Rishikesh	15	
g-ChIJhxERRABJCTkR2yTXAc20yGY	Ojasvi inn Hotel	haridwar	review	page pin within 200 m of our pin	spot-on-809721-ojasvi-in	SPOT on 809721 Ojasvi in	16	https://www.oyorooms.com/205892/
g-ChIJv95qQkAZCTkRX8rkoKnJK1k	Ackley - An Authentic Pahadi Homestay by StayApart - Double Room	rishikesh	retry	it has a verified link now	g-ChIJv95qQkAZCTkRX8rkoKnJK1k	Ackley - An Authentic Pahadi Homestay by StayApart - Double Room		
g-ChIJ0exzjA0XCTkRO8-GtPAp8lg	Jal - Nivasa | Studio in tapovan	rishikesh	retry	within 40 m of a linked stay with the same name	g-ChIJAdnC-_EXCTkR87AbqkCJ6u4	Vayu - Nivasa | Studio in tapovan	0	
g-ChIJZ4xMTxAXCTkRqH1EVOqfo5U	Nivasa | studio apartment in tapovan	rishikesh	retry	within 40 m of a linked stay with the same name	g-ChIJAdnC-_EXCTkR87AbqkCJ6u4	Vayu - Nivasa | Studio in tapovan	10	
g-ChIJvz4N22M_CTkR2kLrJ7er9G4	cloudbedsonline	rishikesh	retry	it has a verified link now	g-ChIJvz4N22M_CTkR2kLrJ7er9G4	cloudbedsonline		
g-ChIJ-aP2eDg-CTkRKsbyPlVKI9Y	RASA- DIVINE (Rishikesh) - Two-Bedroom Apartment	rishikesh	retry	within 40 m of a linked stay with the same name	g-ChIJ-aP2eDg-CTkRQTjJTsIURis	RASA- DIVINE (Rishikesh) - Two-Bedroom Apartment	0	
g-ChIJ-xenFhk-CTkRW_IeANqFOk8	85 The Ganges 2 Bhk Apartment for Homestay	rishikesh	retry	within 40 m of a linked stay with the same name	g-ChIJ-xenFhk-CTkRi-yNicx77WQ	85 The Ganges 2 Bhk Apartment for Homestay	0	
g-ChIJZSiZ7HU5CTkRh82vBWqpX0s	Rajgor Brahmin Ashram Haridwar	haridwar	none	it has a verified link now	g-ChIJZSiZ7HU5CTkRh82vBWqpX0s	Rajgor Brahmin Ashram Haridwar		
g-ChIJ5Rf7pl5HCTkRcU1XSHeJF0E	Luxe 2 BR. Slow Living Apartment by the ManStays!	haridwar	duplicate	same booking page as a linked stay	3-bedroom-luxe-penthouse-nearby-harkipauri-by-manstays	The Manstays Haridwar – 15 Mins from Har Ki Pauri		https://www.booking.com/hotel/in/tranquil-1-amp-2-bhk-manstays-apartments-with-free-parking.html
g-ChIJ____v0UWCTkR8yUXIdPD910	Hotel NV Tapovan, Rishikesh	rishikesh	duplicate	same booking page as a linked stay	tapovanam	Hotel Tapovanam		https://www.booking.com/hotel/in/nv-rishikesh.html
g-ChIJsXjxwgA-CTkRbzXoViygFfM	Yognagari Appartment - Two-Bedroom Apartment	rishikesh	none	within 40 m of a linked stay with the same name	g-ChIJsXjxwgA-CTkRoEIG8gf6ZpU	Yognagari Appartment - Two-Bedroom Apartment	0	
g-ChIJQ07AzboXCTkREzRJOVykAhU	Shree G Cottage and Camp	rishikesh	duplicate	same booking page as a linked stay	shree-g-cottage-rishikesh	Shree G Cottage		https://www.makemytrip.com/hotels/shree_g_cottage_home_rishikesh-details-rishikesh.html
g-ChIJZ89VfTwWCTkRNWirPVzcEj8	Aarohan by Ganga kripa - Apartment	rishikesh	duplicate	same booking page as a linked stay	aarohan-by-ganga-kripa-a-luxury-cottage	Aarohan by ganga kripa (A luxury cottage)		https://www.booking.com/hotel/in/aarohan-by-ganga-kripa.html
g-ChIJqU_3nTUTCTkRInDbICBKwrs	Natures Walks/ Hotel & Camping	rishikesh	review	page pin within 200 m of our pin	oyo-90091-natures-walks	OYO 90091 Natures Walks	51	https://www.oyorooms.com/183301/
g-ChIJe3KmLv4XCTkRNnaWalnIJbM	Walk-in Wood Camps	rishikesh	review	page pin within 200 m of our pin	oyo-36125-dark-wood-adventure-camps	OYO 36125 Dark Wood Adventure Camps	26	https://www.oyorooms.com/54456/
g-ChIJCyaM3sI_CTkR_xW10RTwNks	The Neeraj Ganga Cottages with Ganga Ghat Access	rishikesh	duplicate	same booking page as a linked stay	the-neeraj-ganga-cottages	The Neeraj Ganga Cottages		https://www.booking.com/hotel/in/the-neeraj-ganga-cottages.html
g-ChIJp8HRUXBLCTkRx6MXjWOv5kg	Veos Villa	haridwar	none	it has a verified link now	g-ChIJp8HRUXBLCTkRx6MXjWOv5kg	Veos Villa		
g-ChIJC2rA8T0-CTkRP1bV4dgvcTU	Radha Krishna Homestay - One-Bedroom Apartment	rishikesh	review	page pin within 200 m of our pin	radha-krishna-homestay	Radha Krishna Homestay	7	https://www.agoda.com/radha-krishna-homestay/hotel/rishikesh-in.html
g-ChIJVcYEYgA_CTkRcQTxVs2fxAw	Aryavan Resort/Hotel Entry Exit	haridwar	review	page pin within 200 m of our pin	g-ChIJJer76kM_CTkRdi-1Eeg38ck	Capital O 24794 Aaryavan Resorts	193	https://www.oyorooms.com/46999/
g-ChIJkWF_S0g-CTkRSsivLxxWglk	Organic Stay - One-Bedroom Apartment	rishikesh	none	within 40 m of a linked stay with the same name	g-ChIJkWF_S0g-CTkRSxZr-3pEtIE	Organic Stay - One-Bedroom Apartment	0	
g-ChIJl4Cjpr0_CTkRuZA04boMmxA	Janki homestay - Deluxe Room	rishikesh	retry	within 40 m of a linked stay with the same name	g-ChIJl4Cjpr0_CTkRgX16eiyT0zc	Janki homestay - Deluxe Room	0	
g-ChIJxyaVaDUSCTkR6wPYdkOW4gQ	Aqua Splash Camp, Rishikesh - Double Room	rishikesh	retry	within 40 m of a linked stay with the same name	g-ChIJP64KKm0TCTkR0ijPA53RUFg	Aqua Splash Camp	0	
g-ChIJLS8sIk4XCTkRoMIE5JUgEqk	Ganga Tapovan Rooms	rishikesh	review	page pin within 200 m of our pin	o-dev-ganga-retreat-tapovan	Fabhotel Dev Ganga Retreat	103	https://www.booking.com/hotel/in/o-dev-ganga-retreat-tapovan.html
g-ChIJs67SIV8XCTkROOdBLwIQLnA	Meeram Ganga - A boutique homestay by the Ganges	rishikesh	duplicate	same booking page as a linked stay	meeram-ganga-a-heritage-stay-by-the-ganges-at-triveni-ghat	Meeram Ganga, A Heritage Stay by the Ganges at Triveni Ghat		https://www.booking.com/hotel/in/meeram-ganga-a-heritage-stay-by-the-ganges-rishikesh.html
g-ChIJG4zB_HgjCTkR-heKzO3E12Y	Hotel Swagatham	rishikesh	retry	it has a verified link now	g-ChIJG4zB_HgjCTkR-heKzO3E12Y	Hotel Swagatham		
