url	platform	name	decision	why	slug	decided
https://www.booking.com/hotel/in/adinath-guest-house.html	Booking.com	Hotel O Panchayanpur Haridwar Formerly Adinath	held	possibly adinath-guest-house (Adinath Guest House, 13 m): a near-miss name		2026-10-08
https://www.booking.com/hotel/in/aloha-on-the-ganges-2bhk-ganga-facing-424.html	Booking.com	ALOHA On The Ganges 2BHK Ganga Facing 424	held	no availability button or guest rating on the page (maybe closed)		2026-10-08
https://www.booking.com/hotel/in/anmols-camps-and-huts-by-stayapart.html	Booking.com	Anmols Camps and Huts By StayApart	listed	new stay in rishikesh: ld Hotel; pin 30.1377,78.3939; name in slug; bookable	anmols-camps-and-huts-by-stayapart	2026-10-08
https://www.booking.com/hotel/in/around-stays-golden-i-homestay-near-aiims-rishikesh.html	Booking.com	Around stays-Golden-I homestay, Near-AIIMS, Rishikesh	held	no availability button or guest rating on the page (maybe closed)		2026-10-08
https://www.booking.com/hotel/in/around-stays-kedar-inn-tapovan-rishikesh.html	Booking.com	Around Stays-Kedar Inn, Tapovan, Rishikesh	held	possibly g-ChIJ3_sBKnEXCTkRLlMtnsWAm7Y (R&R Retreat RNR Retreat Tapovan Rishikes, 26 m): a near-miss name		2026-10-08
https://www.booking.com/hotel/in/brij-palace-near-dsvv-haripur-kalan.html	Booking.com	HOTEL BRIJ PALACE Near DSVV HARIPUR KALAN	held	no availability button or guest rating on the page (maybe closed)		2026-10-08
https://www.booking.com/hotel/in/butola-guest-house-dehradun1.html	Booking.com	Butola guest house	held	page not read ok yet (state 'elsewhere'): re-read pending		2026-10-08
https://www.booking.com/hotel/in/camp-ganga-kinare-by-stayapart.html	Booking.com	Oops!	held	page not read ok yet (state 'no pin'): re-read pending		2026-10-08
https://www.booking.com/hotel/in/cheerful-peaceful-house-newly-constructed.html	Booking.com	Doon Niwas Homestay 2-Bedrooms, Mountain view, near Picnic Spots- Kitchen option	held	page not read ok yet (state 'elsewhere'): re-read pending		2026-10-08
https://www.booking.com/hotel/in/collection-o-70356-apple-grand.html	Booking.com	Hotel O Apple Grand	held	page not read ok yet (state 'no evidence'): re-read pending		2026-10-08
https://www.booking.com/hotel/in/doon-dehradun1.html	Booking.com	HOTEL DOON	held	page not read ok yet (state 'elsewhere'): re-read pending		2026-10-08
https://www.booking.com/hotel/in/doon-resort-dehradun12.html	Booking.com	DooN Resort & Farmhouse stay	held	page not read ok yet (state 'elsewhere'): re-read pending		2026-10-08
https://www.booking.com/hotel/in/ekantam-retreat.html	Booking.com	Ekantam Retreat	held	no availability button or guest rating on the page (maybe closed)		2026-10-08
https://www.booking.com/hotel/in/ganga-veda-hotels-and-resorts.html	Booking.com	Ganga Veda Hotels And Resorts	held	possibly g-ChIJ3bwEoEUWCTkRXrw8uYWpnc4 (Hotel Dev Ganga, 41 m): a near-miss name		2026-10-08
https://www.booking.com/hotel/in/ganga-vista-haridwar.html	Booking.com	Ganga Vista	held	no availability button or guest rating on the page (maybe closed)		2026-10-08
https://www.booking.com/hotel/in/grand-dehradun.html	Booking.com	Hotel Grand	held	page not read ok yet (state 'elsewhere'): re-read pending		2026-10-08
https://www.booking.com/hotel/in/guru-karpa-stays-hr-residency.html	Booking.com	Guru karpa stays HR residency	held	no availability button or guest rating on the page (maybe closed)		2026-10-08
https://www.booking.com/hotel/in/heaven-view-home-stay.html	Booking.com	Heaven View Home Stay !! Ganga View Room	duplicate	same place as g-ChIJJ_fysmoXCTkRQKuRMRB07M0		2026-10-08
https://www.booking.com/hotel/in/himalayan-canopy-resort.html	Booking.com	Kaafirana Camps	held	page not read ok yet (state 'elsewhere'): re-read pending		2026-10-08
https://www.booking.com/hotel/in/kaintura-stay.html	Booking.com	Kaintura Stay	held	no availability button or guest rating on the page (maybe closed)		2026-10-08
https://www.booking.com/hotel/in/kuber-home-stay-guest-house.html	Booking.com	Kuber Home Stay, Guest House	held	page not read ok yet (state 'elsewhere'): re-read pending		2026-10-08
https://www.booking.com/hotel/in/lekhwar-chamba.html	Booking.com	Lekhwar	held	page not read ok yet (state 'elsewhere'): re-read pending		2026-10-08
https://www.booking.com/hotel/in/luxury-2bhk-penthouse-with-private-terrace.html	Booking.com	Luxury 2BHK Penthouse with Private Terrace	held	no availability button or guest rating on the page (maybe closed)		2026-10-08
https://www.booking.com/hotel/in/luxury-villa-on-the-ganges.html	Booking.com	Luxury Villa On The Ganges	held	no availability button or guest rating on the page (maybe closed)		2026-10-08
https://www.booking.com/hotel/in/olive-inn-haridwar.html	Booking.com	Inn, Haridwar	held	possibly dev-plaza-by-wb (Hotel Dev Plaza by Wb Inn, 0 m): a near-miss name		2026-10-08
https://www.booking.com/hotel/in/radisson-blu.html	Booking.com	Yashail Hotel Haridwar	held	page not read ok yet (state 'no evidence'): re-read pending		2026-10-08
https://www.booking.com/hotel/in/ratan-palace-dehradun2.html	Booking.com	Hotel Ratan Palace	held	page not read ok yet (state 'elsewhere'): re-read pending		2026-10-08
https://www.booking.com/hotel/in/satya-yoga-ashram.html	Booking.com	Satya Yoga Ashram Rishikesh	listed	new stay in rishikesh: ld Hotel; pin 30.1200,78.3221; name in slug; rated	satya-yoga-ashram	2026-10-08
https://www.booking.com/hotel/in/shivoham-retreat-sinola.html	Booking.com	Shivoham Valley Retreat	held	page not read ok yet (state 'elsewhere'): re-read pending		2026-10-08
https://www.booking.com/hotel/in/shree-tejasva-residency.html	Booking.com	Shree Tejasva residency	listed	new stay in rishikesh: ld Hotel; pin 30.1079,78.3044; name in slug; rated	shree-tejasva-residency	2026-10-08
https://www.booking.com/hotel/in/sukoon-sky.html	Booking.com	Hotel Govind Palace - Stay By The Ganga At Triveni Ghat 3-star Hotel I Sturida Colony, Rishikesh	held	name "Hotel Govind Palace" shares no word with the page address		2026-10-08
https://www.booking.com/hotel/in/tapovan-hills-near-secret-waterfall.html	Booking.com	Tapovan Hills Near Secret Waterfall	held	possibly g-ChIJP5U6Sm0XCTkR2JCe5SHAKUQ (Tapovan hills Hotel & Restaurant, 4 m): a near-miss name		2026-10-08
https://www.booking.com/hotel/in/the-cocoon-dehradun.html	Booking.com	The Cocoon	held	page not read ok yet (state 'elsewhere'): re-read pending		2026-10-08
https://www.booking.com/hotel/in/the-gold-regency-haridwar.html	Booking.com	Hotel Tara ji Bliss	held	name "Hotel Tara ji Bliss" shares no word with the page address		2026-10-08
https://www.booking.com/hotel/in/the-himalayan-crown-6bhk-penthouse.html	Booking.com	The Himalayan Crown 6BHK Penthouse	held	no availability button or guest rating on the page (maybe closed)		2026-10-08
https://www.booking.com/hotel/in/virasat-home-stay.html	Booking.com	Virasat Home Stay	held	page not read ok yet (state 'elsewhere'): re-read pending		2026-10-08
https://www.hostelworld.com/hostels/p/311285/gostops-rishikesh-laxman-jhula/	Hostelworld	goSTOPS Rishikesh Laxman Jhula	held	possibly g-ChIJJZfpywAXCTkREs7OPUx2WUM (Zostel Rishikesh (Laxman Jhula), 49 m): a near-miss name		2026-10-08
https://www.oyorooms.com/101136/	OYO	OYO 72381 Vip Residency	held	name "OYO 72381 Vip Residency" shares no word with the page address		2026-10-08
https://www.oyorooms.com/101136/	OYO	OYO 72381 Vip Residency	held	name "OYO 72381 Vip Residency" shares no word with the page address		2026-10-08
https://www.oyorooms.com/196567/	OYO	Hotel O Shiv Ganga Home Stay	held	name "Hotel O Shiv Ganga Home Stay" shares no word with the page address		2026-10-08
https://www.oyorooms.com/200980/	OYO	Flagship Yash Raj Guest House	held	name "Flagship Yash Raj Guest House" shares no word with the page address		2026-10-08
https://www.oyorooms.com/204404/	OYO	POP HOME 80883C Sharma House 	held	name "POP HOME 80883C Sharma House" shares no word with the page address		2026-10-08
https://www.oyorooms.com/208917/	OYO	POP 81142C Ojsvi Inn	held	name "POP 81142C Ojsvi Inn" shares no word with the page address		2026-10-08
https://www.oyorooms.com/208917/	OYO	POP 81142C Ojsvi Inn	held	name "POP 81142C Ojsvi Inn" shares no word with the page address		2026-10-08
https://www.oyorooms.com/221130/	OYO	Hotel O Virasat Residency	held	page not read ok yet (state 'no evidence'): re-read pending		2026-10-08
https://www.oyorooms.com/262891/	OYO	OYO 831258 Hotel Prakash Residency	held	name "OYO 831258 Hotel Prakash Residency" shares no word with the page address		2026-10-08
https://www.oyorooms.com/262891/	OYO	OYO 831258 Hotel Prakash Residency	held	name "OYO 831258 Hotel Prakash Residency" shares no word with the page address		2026-10-08
https://www.oyorooms.com/270612/	OYO	Hotel O Chotiwala	held	name "Hotel O Chotiwala" shares no word with the page address		2026-10-08
https://www.oyorooms.com/304448/	OYO	Hotel O Shanti Kunj Haridwar	held	name "Hotel O Shanti Kunj Haridwar" shares no word with the page address		2026-10-08
https://www.oyorooms.com/47947/	OYO	OYO 26806 Hotel Radha Krishna	held	name "OYO 26806 Hotel Radha Krishna" shares no word with the page address		2026-10-08
https://www.oyorooms.com/54063/	OYO	OYO Elysium Guest House	held	name "OYO Elysium Guest House" shares no word with the page address		2026-10-08
https://www.oyorooms.com/5735/	OYO	OYO Rooms 046 Clarks Inn Haridwar	held	page not read ok yet (state 'no evidence'): re-read pending		2026-10-08
https://www.oyorooms.com/5735/	OYO	OYO Rooms 046 Clarks Inn Haridwar	held	page not read ok yet (state 'no evidence'): re-read pending		2026-10-08
https://www.oyorooms.com/58248/	OYO	OYO 39828 Hotel Aradhya Gange Residency	held	name "OYO 39828 Hotel Aradhya Gange Residency" shares no word with the page address		2026-10-08
https://www.oyorooms.com/58907/	OYO	OYO 40467 Hotel Swastik	held	page not read ok yet (state 'elsewhere'): re-read pending		2026-10-08
https://www.oyorooms.com/75002/	OYO	OYO 46427 Hotel Swastik Home	held	name "OYO 46427 Hotel Swastik Home" shares no word with the page address		2026-10-08
https://www.oyorooms.com/768/	OYO	OYO 770 Hotel Madhuban	held	name "OYO 770 Hotel Madhuban" shares no word with the page address		2026-10-08
https://www.oyorooms.com/84693/	OYO	OYO Mayank Saini Guest House	held	name "OYO Mayank Saini Guest House" shares no word with the page address		2026-10-08
https://www.oyorooms.com/85764/	OYO	OYO 63648 Hotel New Chotiwala	held	page not read ok yet (state 'no evidence'): re-read pending		2026-10-08
