url	platform	name	town	lat	lng	seen_for	checked
https://www.booking.com/hotel/in/heaven-view-home-stay.html	Booking.com	Heaven View Home Stay !! Ganga View Room	rishikesh	30.126083	78.3288179	g-ChIJKwXnfD8PCTkRGudk3ubSfcg	2026-10-06
https://www.booking.com/hotel/in/the-gold-regency-haridwar.html	Booking.com	Hotel Tara ji Bliss	rishikesh	29.9727449520744	78.175872353927	bliss-agk-a-top-rated-property-in	2026-10-06
https://www.booking.com/hotel/in/radisson-blu.html	Booking.com	Yashail Hotel Haridwar	rishikesh	29.94563845407695	78.07575702667236	g-ChIJtTHEa6g4CTkREGihoa_4Dk0	2026-10-07
https://www.booking.com/hotel/in/tapovan-hills-near-secret-waterfall.html	Booking.com	Tapovan Hills Near Secret Waterfall	rishikesh	30.1340168334037	78.3202005230365	stay-blessed-2-bhk-hill-view-upper-tapovan-quiet-and-serene	2026-10-07
https://www.booking.com/hotel/in/camp-ganga-kinare-by-stayapart.html	Booking.com	Camp Ganga Ki Chhor Per By StayApart	rishikesh	30.1367375	78.3938906	g-ChIJs8pvPssXCTkRdeZfg1s5ybs	2026-10-07
https://www.booking.com/hotel/in/around-stays-kedar-inn-tapovan-rishikesh.html	Booking.com	Around Stays-Kedar Inn, Tapovan, Rishikesh	rishikesh	30.1332144	78.320682	g-ChIJ9fSExkgWCTkRJOjZcVmQe7U	2026-10-07
https://www.booking.com/hotel/in/aloha-on-the-ganges-2bhk-ganga-facing-424.html	Booking.com	ALOHA On The Ganges 2BHK Ganga Facing 424	rishikesh	30.1310035	78.3286046	g-ChIJs9Ibu1oWCTkRn4tTOZ1RNHE	2026-10-07
https://www.booking.com/hotel/in/collection-o-70356-apple-grand.html	Booking.com	Hotel O Apple Grand	rishikesh	29.9863379	78.1853677	g-ChIJ72mD3Is_CTkR6mshuYCNQAc	2026-10-07
https://www.oyorooms.com/85764/	OYO	OYO 63648 Hotel New Chotiwala	rishikesh	29.980637	78.182503	chotiwala-restaurant	2026-10-07
https://www.oyorooms.com/270612/	OYO	Hotel O Chotiwala	rishikesh	29.98135929	78.18301678	chotiwala-restaurant	2026-10-07
https://www.oyorooms.com/75002/	OYO	OYO 46427 Hotel Swastik Home	rishikesh	29.970541	78.172195	g-ChIJdyrytwFHCTkRELG6WjWXX9A	2026-10-07
https://www.oyorooms.com/221130/	OYO	Hotel O Virasat Residency	rishikesh	29.94713638816364	78.15787429832893	g-ChIJTVkdAPxJCTkR3TErboU53ic	2026-10-07
https://www.oyorooms.com/262891/	OYO	OYO 831258 Hotel Prakash Residency	rishikesh	30.1104263	78.3019199	g-ChIJc0yiCQAjCTkRW-3THhjagow	2026-10-07
https://www.oyorooms.com/262891/	OYO	OYO 831258 Hotel Prakash Residency	rishikesh	30.1104263	78.3019199	g-ChIJc0yiCQAjCTkRW-3THhjagow	2026-10-07
https://www.oyorooms.com/208917/	OYO	POP 81142C Ojsvi Inn	rishikesh	29.9456906	78.16424780000001	g-ChIJhxERRABJCTkR2yTXAc20yGY	2026-10-07
https://www.oyorooms.com/208917/	OYO	POP 81142C Ojsvi Inn	rishikesh	29.9456906	78.16424780000001	g-ChIJhxERRABJCTkR2yTXAc20yGY	2026-10-07
https://www.oyorooms.com/101136/	OYO	OYO 72381 Vip Residency	rishikesh	29.9976268106609	78.1890647672117	g-ChIJiWKyp0xHCTkRumAEbCXa8lc	2026-10-07
https://www.oyorooms.com/5735/	OYO	OYO Rooms 046 Clarks Inn Haridwar	rishikesh	29.9884329	78.1848338	g-ChIJiWKyp0xHCTkRumAEbCXa8lc	2026-10-07
https://www.oyorooms.com/101136/	OYO	OYO 72381 Vip Residency	rishikesh	29.9976268106609	78.1890647672117	g-ChIJiWKyp0xHCTkRumAEbCXa8lc	2026-10-07
https://www.oyorooms.com/5735/	OYO	OYO Rooms 046 Clarks Inn Haridwar	rishikesh	29.9884329	78.1848338	g-ChIJiWKyp0xHCTkRumAEbCXa8lc	2026-10-07
https://www.booking.com/hotel/in/luxury-2bhk-penthouse-with-private-terrace.html	Booking.com	Luxury 2BHK Penthouse with Private Terrace	rishikesh	30.0645125	78.2761406	spacious-5-bedroom-penthouse	2026-10-07
https://www.booking.com/hotel/in/the-himalayan-crown-6bhk-penthouse.html	Booking.com	The Himalayan Crown 6BHK Penthouse	rishikesh	30.0642673	78.2766222	spacious-5-bedroom-penthouse	2026-10-07
https://www.booking.com/hotel/in/satya-yoga-ashram.html	Booking.com	Satya Yoga Ashram Rishikesh	rishikesh	30.1200168806614	78.3221060306885	g-ChIJ6yJnuUgWCTkRj-7S-yS-mpg	2026-10-07
https://www.booking.com/hotel/in/virasat-home-stay.html	Booking.com	Virasat Home Stay	dehradun	30.296754	78.054612	g-ChIJTVkdAPxJCTkR3TErboU53ic	2026-10-07
https://www.booking.com/hotel/in/doon-dehradun1.html	Booking.com	HOTEL DOON	dehradun	30.306987	78.016827	g-ChIJKZCObTxJCTkRmwliIjvhqG4	2026-10-07
https://www.booking.com/hotel/in/doon-resort-dehradun12.html	Booking.com	DooN Resort & Farmhouse stay	dehradun	30.3461317447061	77.9025350604409	g-ChIJKZCObTxJCTkRmwliIjvhqG4	2026-10-07
https://www.booking.com/hotel/in/himalayan-canopy-resort.html	Booking.com	Kaafirana Camps	mussoorie	30.4459578604369	78.1981039914017	g-ChIJaZyvFYIXCTkRIMiVZ1pSXCA	2026-10-07
https://www.oyorooms.com/58907/	OYO	OYO 40467 Hotel Swastik	dehradun	30.2953588324081	78.0549098923802	g-ChIJdyrytwFHCTkRELG6WjWXX9A	2026-10-07
https://www.booking.com/hotel/in/the-cocoon-dehradun.html	Booking.com	The Cocoon	dehradun	30.306080168209785	78.01359945627654	g-ChIJ90adNXBLCTkROFfG7ayhg1M	2026-10-07
https://www.booking.com/hotel/in/shree-tejasva-residency.html	Booking.com	Shree Tejasva residency	rishikesh	30.1078842	78.3044269	g-ChIJDawyQz8VCTkR3a_dPOMuCCs	2026-10-07
https://www.booking.com/hotel/in/ekantam-retreat.html	Booking.com	Ekantam Retreat	rishikesh	30.1351110309051	78.3186824720558	g-ChIJhx4g6IEVCTkRnLgTY_4vPVk	2026-10-07
https://www.oyorooms.com/768/	OYO	OYO 770 Hotel Madhuban	haridwar	29.9330286	78.1344907	g-ChIJiWKyp0xHCTkRumAEbCXa8lc	2026-10-07
https://www.booking.com/hotel/in/grand-dehradun.html	Booking.com	Hotel Grand	dehradun	30.315828243212273	78.03590158000588	g-ChIJ-ZZXgwFHCTkRmzwvmBE2cdY	2026-10-07
https://www.booking.com/hotel/in/around-stays-golden-i-homestay-near-aiims-rishikesh.html	Booking.com	Around stays-Golden-I homestay, Near-AIIMS, Rishikesh	rishikesh	30.0738874812529	78.2757035464993	g-ChIJbfENEQA_CTkRjRh2Fs34NMk	2026-10-07
https://www.hostelworld.com/hostels/p/311285/gostops-rishikesh-laxman-jhula/	Hostelworld	goSTOPS Rishikesh Laxman Jhula	rishikesh	30.1229838	78.3274054	g-ChIJRSx3PYAXCTkRUy8Nfn3qZYk	2026-10-07
https://www.oyorooms.com/196567/	OYO	Hotel O Shiv Ganga Home Stay	haridwar	29.991716	78.186744	g-ChIJ5eTfpDM_CTkRZQMp2TN0jBM	2026-10-07
https://www.booking.com/hotel/in/ratan-palace-dehradun2.html	Booking.com	Hotel Ratan Palace	dehradun	30.3353369	78.0248681	g-ChIJ41LvcPsWCTkRCxrurIAjC5g	2026-10-07
https://www.booking.com/hotel/in/ganga-veda-hotels-and-resorts.html	Booking.com	Ganga Veda Hotels And Resorts	rishikesh	30.1279903	78.3215674	g-ChIJo4hkOxcWCTkRdlrZbjcMtvo	2026-10-07
https://www.booking.com/hotel/in/kaintura-stay.html	Booking.com	Kaintura Stay	rishikesh	30.1634182819446	78.1594616910922	g-ChIJRQa2XwAXCTkRSnjnm-TvvE4	2026-10-07
https://www.oyorooms.com/47947/	OYO	OYO 26806 Hotel Radha Krishna	haridwar	29.9490290151152	78.1591559574008	g-ChIJjZYb7t1JCTkRcymet56HfMM	2026-10-07
https://www.booking.com/hotel/in/shivoham-retreat-sinola.html	Booking.com	Shivoham Valley Retreat	dehradun	30.3764944	78.0638664	g-ChIJnT7TqdIXCTkR5T4zNgWm87c	2026-10-07
https://www.booking.com/hotel/in/guru-karpa-stays-hr-residency.html	Booking.com	Guru karpa stays HR residency	rishikesh	30.1157619	78.2853017	g-ChIJNfca9boWCTkRUB2JQdCXakI	2026-10-07
https://www.booking.com/hotel/in/brij-palace-near-dsvv-haripur-kalan.html	Booking.com	HOTEL BRIJ PALACE Near DSVV HARIPUR KALAN	haridwar	29.9989934887419	78.1897274883442	g-ChIJzZnZoQFHCTkRVjtXygcgVy0	2026-10-07
https://www.booking.com/hotel/in/lekhwar-chamba.html	Booking.com	Lekhwar	mussoorie	30.4113861	78.2886101	g-ChIJpwHyDAAlCTkRdZnCtmKVqyY	2026-10-07
https://www.oyorooms.com/200980/	OYO	Flagship Yash Raj Guest House	rishikesh	30.1264557	78.3296889	g-ChIJ9xtlKUUWCTkRo0ll6rX9A-Q	2026-10-07
https://www.booking.com/hotel/in/ganga-vista-haridwar.html	Booking.com	Ganga Vista	haridwar	29.9270072	78.1437341	g-ChIJC_ivS-hJCTkRaCudkX0ie_k	2026-10-07
https://www.oyorooms.com/84693/	OYO	OYO Mayank Saini Guest House	haridwar	29.9680963342749	78.1733528897166	g-ChIJO7Mi2dFHCTkRjBkX9W19r7Y	2026-10-07
https://www.oyorooms.com/58248/	OYO	OYO 39828 Hotel Aradhya Gange Residency	rishikesh	30.133171689131	78.321335054934	g-ChIJY58cgB4WCTkRQ6yccOryOy4	2026-10-08
https://www.oyorooms.com/304448/	OYO	Hotel O Shanti Kunj Haridwar	haridwar	29.986285	78.185613	g-ChIJyxW_deBHCTkRQwEbj96vdNA	2026-10-08
https://www.booking.com/hotel/in/kuber-home-stay-guest-house.html	Booking.com	Kuber Home Stay, Guest House	dehradun	30.280012323395	78.070962561206	g-ChIJcToiDnBICTkRry916PRXTPs	2026-10-08
https://www.booking.com/hotel/in/cheerful-peaceful-house-newly-constructed.html	Booking.com	Doon Niwas Homestay 2-Bedrooms, Mountain view, near Picnic Spots- Kitchen option	dehradun	30.327630868491486	78.0704083433374	g-ChIJHb-yewA7CTkRe4E_KUwoWD8	2026-10-08
https://www.booking.com/hotel/in/adinath-guest-house.html	Booking.com	Hotel O Panchayanpur Haridwar Formerly Adinath	haridwar	29.8977237	77.989856	g-ChIJB2qOUQBLCTkRThL7Jxnv50c	2026-10-08
https://www.booking.com/hotel/in/butola-guest-house-dehradun1.html	Booking.com	Butola guest house	dehradun	30.2943854506846	78.0593313810732	g-ChIJPfrlf0U5CTkR3uu09fCY1AA	2026-10-08
https://www.oyorooms.com/54063/	OYO	OYO Elysium Guest House	haridwar	29.9344956481607	78.0766445025802	g-ChIJcToiDnBICTkRry916PRXTPs	2026-10-08
https://www.booking.com/hotel/in/anmols-camps-and-huts-by-stayapart.html	Booking.com	Anmols Camps and Huts By StayApart	rishikesh	30.1377125	78.3938594	g-ChIJy2XdtGwXCTkRDGiFz1GSpXc	2026-10-08
https://www.booking.com/hotel/in/luxury-villa-on-the-ganges.html	Booking.com	Luxury Villa On The Ganges	rishikesh	30.1242084	78.3128536	g-ChIJdVvSLwAXCTkR_uP8l-6i3hA	2026-10-08
https://www.booking.com/hotel/in/olive-inn-haridwar.html	Booking.com	Inn, Haridwar	haridwar	29.974712	78.177819	g-ChIJV4pyfihHCTkRwYKPgSMWSxM	2026-10-08
https://www.oyorooms.com/204404/	OYO	POP HOME 80883C Sharma House 	haridwar	29.9456906	78.1642478	g-ChIJqVG57hFHCTkRao-ccDeSBg4	2026-10-08
https://www.booking.com/hotel/in/sukoon-sky.html	Booking.com	Hotel Govind Palace - Stay By The Ganga At Triveni Ghat 3-star Hotel I Sturida Colony, Rishikesh	rishikesh	30.0920553742096	78.2885166470872	g-ChIJl18azv49CTkRPnGE2vv49yM	2026-10-08
https://www.booking.com/hotel/in/ambience-home-stay.html	Booking.com	Ambience Home Stay	mussoorie	30.4446164	78.0905611	ambience-home-stay	2026-10-08
https://www.booking.com/hotel/in/the-moonsoon-inn.html	Booking.com	The Moonsoon Inn	mussoorie	30.4558077	78.0806541	the-moonsoon-inn	2026-10-08
https://www.booking.com/hotel/in/cozy-bunks-z-hostel.html	Booking.com	Cozy Bunks z hostel	dehradun	30.288377923577453	77.99717018337937	cozy-bunks-z-hostel	2026-10-08
https://www.booking.com/hotel/in/cozy-bunks-z-hostel-dehradun.html	Booking.com	Cozy bunks z hostel	dehradun	30.2883685	77.997172	cozy-bunks-z-hostel	2026-10-08
https://www.booking.com/hotel/in/mount-view-retreat-best-mountain-view-apartment.html	Booking.com	Mount View retreat-Best Mountain view Apartment	mussoorie	30.38866080482721	78.10441259325408	apt-mount-view-retreat-best-mountain-view	2026-10-08
https://www.booking.com/hotel/in/sai-home-dehradun1.html	Booking.com	SAI HOME	dehradun	30.32717708275	78.063666754214	sai-home	2026-10-08
https://www.booking.com/hotel/in/aama-boutique-homestay-malsi-dehradun.html	Booking.com	Aama Boutique Homestay - Malsi, Dehradun	dehradun	30.3884999	78.0731929	boutique-stay-with-little-tiger	2026-10-08
https://www.booking.com/hotel/in/the-nathuli-manor-pure-veg-stay-near-mall-road-with-free-parking-amp-shuttle.html	Booking.com	The Nathuli Manor - Pure Veg Stay, Near Mall Road with Free Parking & Shuttle	mussoorie	30.4531078068714	78.0810771742226	the-nathuli-manor-pure-veg-stay-near-mall-road-with	2026-10-08
https://www.booking.com/hotel/in/forest-bliss-resort-dehradun5.html	Booking.com	Forest Bliss Resort	mussoorie	30.4666679	77.9026692	resort-forest-bliss	2026-10-08
https://www.booking.com/hotel/in/jaypee-residency-manor.html	Booking.com	Jaypee Residency Manor	mussoorie	30.438948288632798	78.0853459239006	the-nathuli-manor-pure-veg-stay-near-mall-road-with	2026-10-08
https://www.booking.com/hotel/in/la-eden.html	Booking.com	Hotel LA Eden	mussoorie	30.455459	78.086833	la-eden	2026-10-08
https://www.booking.com/hotel/in/sainik-view-resort.html	Booking.com	Pine View Luxury Resort With Mountain View & Premium Rooms Mussoorie	mussoorie	30.484339512411882	78.04617874785185	luxuary-stay-s-r-mussoorie-near-mall-road-family	2026-10-08
https://www.booking.com/hotel/in/vaydantaa.html	Booking.com	Vaydantaa - Luxury Boutique Hotel Mussoorie	mussoorie	30.451022935650037	78.08706521987915	luxuary-stay-s-r-mussoorie-near-mall-road-family	2026-10-08
https://www.booking.com/hotel/in/jw-marriott-mussoorie-walnut-grove-resort-amp-spa.html	Booking.com	JW Marriott Mussoorie Walnut Grove Resort & Spa	mussoorie	30.481516661243656	78.04661817848682	luxuary-stay-s-r-mussoorie-near-mall-road-family	2026-10-08
https://www.booking.com/hotel/in/soul-stories-mussoorie.html	Booking.com	amã Stays & Trails Soul Storries - A Luxury Wellness Estate, Mussoorie	mussoorie	30.438001027693	78.190508570798	luxuary-stay-s-r-mussoorie-near-mall-road-family	2026-10-08
https://www.booking.com/hotel/in/sunoraa-luxury-amp-spa.html	Booking.com	Sunoraa Luxury Hotel & Spa	mussoorie	30.4491403	78.082087	luxuary-stay-s-r-mussoorie-near-mall-road-family	2026-10-08
https://www.booking.com/hotel/in/bloom-residency.html	Booking.com	Hotel Bloom Residency	dehradun	30.333686	78.057055	bloom-residency	2026-10-08
https://www.booking.com/hotel/in/luxury-villa-mussoorie-by-pax-amp-opis.html	Booking.com	Luxury Villa, Mussoorie by Pax & Opis	mussoorie	30.4340716	78.084326	luxuary-stay-s-r-mussoorie-near-mall-road-family	2026-10-08
https://www.booking.com/hotel/in/auradoon-dehradun-by-leisure-hotels.html	Booking.com	Auradoon, Dehradun - By Leisure Hotels	mussoorie	30.4035406486002	78.0812736733136	bloom-residency	2026-10-08
https://www.booking.com/hotel/in/la-casa-de-landour.html	Booking.com	La Casa De Landour	mussoorie	30.4514933	78.0870201	la-casa-de-landour	2026-10-08
https://www.booking.com/hotel/in/country-inn-premier-the-prominence-dehradun.html	Booking.com	The Prominence Mussoorie Road Dehradun	dehradun	30.3788725	78.0764456	bloom-residency	2026-10-08
https://www.booking.com/hotel/in/landour-exotica.html	Booking.com	Landour Exotica	mussoorie	30.453661083821	78.087228116779	la-casa-de-landour	2026-10-08
https://www.booking.com/hotel/in/oakland-landour.html	Booking.com	Hotel Oakland Landour	mussoorie	30.458773	78.09464	la-casa-de-landour	2026-10-08
https://www.booking.com/hotel/in/tree-of-life-highlands-landour-mussoorie.html	Booking.com	Tree of Life Highlands, Mussoorie	mussoorie	30.45137059408015	78.08705376444435	la-casa-de-landour	2026-10-08
https://www.booking.com/hotel/in/queen-of-hills-view.html	Booking.com	Queen of hills view	dehradun	30.386855	78.0752442	queen-of-hills-view	2026-10-08
https://www.booking.com/hotel/in/the-hosteller-mussoorie-mini.html	Booking.com	The Hosteller Mussoorie, Mall Road	mussoorie	30.458880979990486	78.06929692480267	la-casa-de-landour	2026-10-08
https://www.booking.com/hotel/in/apartment-in-dehradun-blooming-stays.html	Booking.com	Apartment in Dehradun - Blooming Stays	dehradun	30.364672971597	78.0852159451167	apt-in-blooming-stays	2026-10-08
https://www.booking.com/hotel/in/townhouse-patel-nagar-near-saharanpur-chowk-dehradun.html	Booking.com	Super Townhouse Patel Nagar Near Saharanpur Chowk Dehradun Formerly Calista Square	dehradun	30.313517	78.02677	super-townhouse-patel-nagar-near-saharanpur-chowk	2026-10-08
https://www.booking.com/hotel/in/oyo-72895-pine-tree.html	Booking.com	Hotel O by OYO Pine Tree	mussoorie	30.44356555	78.07881592	oyo-rooms-barlowganj	2026-10-08
https://www.booking.com/hotel/in/tripli-vanaashy.html	Booking.com	Tripli Vanaashy	mussoorie	30.4396998553541	78.0845814400912	oyo-rooms-barlowganj	2026-10-08
https://www.booking.com/hotel/in/oyo-rooms-mall-road-mussoorie.html	Booking.com	Super Collection O Pioneer	mussoorie	30.4572	78.07882	oyo-rooms-barlowganj	2026-10-08
https://www.booking.com/hotel/in/clarks-inn-dehradun.html	Booking.com	Clarks Inn Dehradun	dehradun	30.2926221	77.9998297	imperial-clarks-inn	2026-10-08
https://www.booking.com/hotel/in/may-cottage.html	Booking.com	May Cottage By Rokeby Villas	mussoorie	30.4408148942317	78.0862738038704	oyo-rooms-barlowganj	2026-10-08
https://www.booking.com/hotel/in/perfectstayz-homes-mussoorie.html	Booking.com	Perfectstayz Luxe mall road - Free Parking	mussoorie	30.4604526028324	78.0673849261354	perfectstayz-hills	2026-10-08
https://www.booking.com/hotel/in/perfectstayz-valley-visa.html	Booking.com	Perfectstayz Value Valley Vista 5 min walk to Mall road	mussoorie	30.4522820252271	78.0867496196646	perfectstayz-hills	2026-10-08
https://www.booking.com/hotel/in/seven-oaks-mussoorie-mussoorie.html	Booking.com	Perfectstayz Premium Seven Oaks near mall road	mussoorie	30.4632786844059	78.0753231556095	perfectstayz-hills	2026-10-08
https://www.booking.com/hotel/in/perfectstayz-mall-road-mussoorie.html	Booking.com	Perfectstayz Premium Westend at Mall Road	mussoorie	30.461000119737072	78.06739281868798	perfectstayz-hills	2026-10-08
https://www.booking.com/hotel/in/perfectstayz-premium-at-mall-road.html	Booking.com	Super Hotel by Perfectstayz Mall Road	mussoorie	30.454768512496	78.083422090261	perfectstayz-hills	2026-10-08
https://www.booking.com/hotel/in/onhills-mussorie.html	Booking.com	ONHILLs	mussoorie	30.4698	78.0594637	on-hills-mussoorie	2026-10-08
https://www.booking.com/hotel/in/vistaro.html	Booking.com	Perfectstayz Prime - 2 min walk to mall road	mussoorie	30.460383	78.066324	perfectstayz-hills	2026-10-08
https://www.booking.com/hotel/in/vista-hills-mussoorie.html	Booking.com	Vista Hills Apartment	mussoorie	30.4505110250034	78.081895180963	on-hills-mussoorie	2026-10-08
https://www.booking.com/hotel/in/rokeby-villas-mussoorie-mussoorie2.html	Booking.com	Rokeby Villas, Mussoorie	mussoorie	30.460401221785	78.096268081078	on-hills-mussoorie	2026-10-08
https://www.booking.com/hotel/in/onhills-mussoorie.html	Booking.com	ONHILLs	mussoorie	30.4698	78.0594637	on-hills-mussoorie	2026-10-08
https://www.booking.com/hotel/in/club-mahindra-avalon.html	Booking.com	Club Mahindra Mussoorie, Uttarakhand	mussoorie	30.46062285141182	78.07326927781105	on-hills-mussoorie	2026-10-08
https://www.booking.com/hotel/in/the-hidden-hills-stay-2bhk-near-mall-road.html	Booking.com	The Hidden Hills Stay,2BHK Near Mall Road	mussoorie	30.4478197149257	78.0876699347755	on-hills-mussoorie	2026-10-08
https://www.booking.com/hotel/in/zone-connect-by-the-park-mussoorie.html	Booking.com	Zone Connect by The Park Mussoorie	mussoorie	30.457427608740804	78.07781428098679	one-earth-royale-boutique	2026-10-08
https://www.booking.com/hotel/in/aargya-resort.html	Booking.com	Hotel Kempty Boutique, Mussoorie - A 4 Star Luxury Retreat in Mussoorie	mussoorie	30.482260043324693	78.03531197111585	one-earth-royale-boutique	2026-10-08
https://www.oyorooms.com/14213	OYO	OYO Shivam Hotel	mussoorie	30.453823	78.082174	oyo-8637-shivam	2026-10-08
https://www.oyorooms.com/297353/	OYO	Super Townhouse Patel Nagar Near Saharanpur Chowk Dehradun Formerly Calista Square	dehradun	30.31351739999999	78.02677249999999	super-townhouse-patel-nagar-near-saharanpur-chowk	2026-10-08
https://www.oyorooms.com/36164/	OYO	OYO 14018 Home Doon View 3BHK Barlowganj	mussoorie	30.437628	78.086197	oyo-rooms-barlowganj	2026-10-08
https://www.oyorooms.com/214523/	OYO	OYO Flagship Elegant Hill	mussoorie	30.4433394	78.07835759999999	oyo-rooms-barlowganj	2026-10-08
https://www.oyorooms.com/114123/	OYO	OYO 82063 The Fallway Restaurant & Homestay	mussoorie	30.4363632852664	78.0733525939286	oyo-rooms-barlowganj	2026-10-08
https://www.oyorooms.com/354899/	OYO	Hotel O Saffron Castle	mussoorie	30.4283383	78.0767532	oyo-rooms-barlowganj	2026-10-08
https://www.oyorooms.com/38463/	OYO	OYO Home 15780 Palatial 2bhk	mussoorie	30.441891	78.085655	oyo-rooms-barlowganj	2026-10-08
https://www.oyorooms.com/105869/	OYO	OYO 75394 Forest Camp	mussoorie	30.4273217029466	78.2439994253218	oyo-rooms-barlowganj	2026-10-08
https://www.oyorooms.com/369194/	OYO	Spot On Royal Hills Homestay 	mussoorie	30.4354124	78.0735249	oyo-rooms-barlowganj	2026-10-08
https://www.booking.com/hotel/in/collection-o-malik-home-stay.html	Booking.com	Collection O MALIK HOME STAY	dehradun	30.318421999999998	78.001884	collection-o-malik-home-stay	2026-10-08
https://www.booking.com/hotel/in/landour-vintage-homestay.html	Booking.com	Landour Vintage Homestay	mussoorie	30.4582206	78.0931485	landour-vintage-homestay	2026-10-08
https://www.booking.com/hotel/in/o-downtown-stays.html	Booking.com	Super Hotel O Dehradun City Centre Formerly Downtown	dehradun	30.31035989745423	78.02924931002141	collection-o-malik-home-stay	2026-10-08
https://www.booking.com/hotel/in/collection-o-krishna-nagar-chowk-near-ongc.html	Booking.com	Collection O Dehradun Yamuna Colony Crossway	dehradun	30.333813	78.026695	collection-o-malik-home-stay	2026-10-08
https://www.booking.com/hotel/in/collection-o-ongc-crossway-gold-stone-comfort.html	Booking.com	Super Super Townhouse Oak IMA Dehradun	dehradun	30.3398298	78.01482179999999	collection-o-malik-home-stay	2026-10-08
https://www.booking.com/hotel/in/tirupati-the-grand-valley-mussoorie.html	Booking.com	Tirupati The Grand Valley Mussoorie	mussoorie	30.4545429	78.0789141	tirupati-the-grand-valley	2026-10-08
https://www.booking.com/hotel/in/landour-chalet-mussoorie-cozy-and-aesthetic-kothri-homestays.html	Booking.com	Landour Chalet Mussoorie Cozy and Aesthetic Kothri Homestays	mussoorie	30.457042	78.0913944	landour-vintage-homestay	2026-10-08
https://www.booking.com/hotel/in/romantic-getaway-dehraduns-most-lovely-homestay.html	Booking.com	Romantic Getaway Dehradun's Most Lovely Homestay	dehradun	30.3561330703695	78.0718487465623	romantic-getaway-dehraduns-most-lovely-homestay-1	2026-10-08
https://www.booking.com/hotel/in/homestay-dehradun1.html	Booking.com	ROMANTIC GETAWAY! Dehradun's Most Lovely Homestay"	dehradun	30.35604390829998	78.07198101162899	romantic-getaway-dehraduns-most-lovely-homestay-1	2026-10-08
https://www.booking.com/hotel/in/the-doons-nest.html	Booking.com	The Doons Nest	dehradun	30.3776334	78.1082208	the-doons-nest	2026-10-08
https://www.booking.com/hotel/in/wanderlust-river-stay-4bhk-breakfast-pet-friendly.html	Booking.com	River Stay - Homestay by Wanderlust Rural Tourism	dehradun	30.36464658891496	77.98515100343734	river-stay-homestay-by-wanderlust-rural-tourism	2026-10-08
https://www.booking.com/hotel/in/writers-lodge-by-hnh.html	Booking.com	Writers Chalet, Mussoorie by hnh	mussoorie	30.4488351	78.0879949	writers-chalet	2026-10-08
https://www.booking.com/hotel/in/hills-homestay-mussoorie.html	Booking.com	Spot On Royal Hills Homestay	mussoorie	30.435320254831826	78.07340594821548	hills-homestay	2026-10-08
https://www.booking.com/hotel/in/30-degree-north-mussoorie-mussoorie.html	Booking.com	Hotel 30 Degree North Mussoorie - On Mall Road	mussoorie	30.4553098096648	78.0807384417233	30-degree-north	2026-10-08
https://www.booking.com/hotel/in/sakoon-dehradun.html	Booking.com	Hotel Sukoon	dehradun	30.31991827422048	78.05187424495239	camp-unchi-dhaar-chakrata	2026-10-08
https://www.booking.com/hotel/in/anurag-dehradun.html	Booking.com	Anurag Hotel Chakrata	mussoorie	30.627624510646346	77.91878530437711	camp-unchi-dhaar-chakrata	2026-10-08
https://www.booking.com/hotel/in/the-jhakhan-nest.html	Booking.com	The Jhakhan Nest	dehradun	30.3624008287626	78.0640941568762	the-jhakhan-nest	2026-10-08
https://www.booking.com/hotel/in/sundervanam-living-with-nature.html	Booking.com	Sundervanam living	dehradun	30.327083980421	78.064777149195	sundervanam-living	2026-10-08
https://www.booking.com/hotel/in/stayble-bunkstay.html	Booking.com	Stayble Homestay	dehradun	30.332404258695057	78.07944078517495	stayble-homestay	2026-10-08
https://www.booking.com/hotel/in/caasa-amore-5bhk-villa-dehradun-with-mountain-view.html	Booking.com	CAASA amore 5bhk villa Dehradun with mountain view	dehradun	30.3671744127043	78.1065556923491	villa-caasa-amore-5bhk-with-mountain-view	2026-10-08
https://www.booking.com/hotel/in/doon-39-s-pride.html	Booking.com	Hotel Doon's Pride	dehradun	30.315932	78.036487	doon-dehradun	2026-10-08
https://www.booking.com/hotel/in/fortune-the-savoy.html	Booking.com	Welcomhotel by ITC Hotels, The Savoy, Mussoorie	mussoorie	30.460301482250618	78.06314796209335	savoy-residency-mussoorie	2026-10-08
https://www.booking.com/hotel/in/doon-penthouse.html	Booking.com	Doon Stay	dehradun	30.372942	78.077309	doon-dehradun	2026-10-08
https://www.booking.com/hotel/in/bunk-house-mussoorie.html	Booking.com	Bunk house mussoorie	mussoorie	30.4582614	78.0725174	chimney-house	2026-10-08
https://www.booking.com/hotel/in/doon-dehradun2.html	Booking.com	HOTEL DOON	dehradun	30.306987	78.016827	doon-dehradun	2026-10-08
https://www.booking.com/hotel/in/radhe-krishna-guest-house-mussoorie.html	Booking.com	Radhe Krishna Guest House	mussoorie	30.482564662127	78.0471875120681	chimney-house	2026-10-08
https://www.booking.com/hotel/in/landour-wood-house.html	Booking.com	The Landour Wood House	mussoorie	30.45845983185492	78.09548440058683	chimney-house	2026-10-08
https://www.booking.com/hotel/in/moustache-mussoorie.html	Booking.com	Moustache Mussoorie	mussoorie	30.4394056	78.0861673	chimney-house	2026-10-08
https://www.booking.com/hotel/in/sun-inn-homestay-by-stayapart-bhatta-falls-mussoorie.html	Booking.com	Sun inn Homestay by StayApart	mussoorie	30.4362982	78.0765064	sun-homestay-by-stayapart-inn	2026-10-08
https://www.booking.com/hotel/in/everest-base-camp-mussoorie.html	Booking.com	Everest Base Camp, Near George Everest House, 5kms from Library chowk	mussoorie	30.459102	78.022885	chimney-house	2026-10-08
https://www.booking.com/hotel/in/kapoor-villa-kairwan-karanpur.html	Booking.com	SaffronStays Woodpeckers Perch Villa, Dehradun	mussoorie	30.406484377477	78.102339664865	saffronstays-woodpeckers-perch-villa-dehradun	2026-10-08
https://www.booking.com/hotel/in/kaushik-home-stays.html	Booking.com	Kaushik Stays- 3 Min Walk From Mall Road	mussoorie	30.460648	78.0676947	kaushik-cottage-home-stay-mussorie	2026-10-08
https://www.booking.com/hotel/in/mellow-cottage-by-vista-rooms.html	Booking.com	StayVista's Mellow Cottage - 3BHK with Mountain View & Bonfire	mussoorie	30.45898835581	78.053621391857	kaushik-cottage-home-stay-mussorie	2026-10-08
https://www.booking.com/hotel/in/your-perks-dehradun.html	Booking.com	Your perks	dehradun	30.363451	78.0846711	your-perks-dehradun	2026-10-08
https://www.booking.com/hotel/in/grand-legacy-shahenshah.html	Booking.com	Treebo Grand Legacy Shahenshah	dehradun	30.341102360187413	78.06082877517464	treebo-grand-legacy-shahenshah	2026-10-08
https://www.booking.com/hotel/in/gainda-rsort.html	Booking.com	The Oakleaf Retreat - A Near Mall Road With Parking	mussoorie	30.4589527285214	78.0598011008102	the-oakleaf	2026-10-08
https://www.booking.com/hotel/in/mona-lisha-resort.html	Booking.com	Oakleaf Hotel & Resort - A Classic Rooms & Prime Location Near Library Chowk	mussoorie	30.4597536	78.0645454	the-oakleaf	2026-10-08
https://www.booking.com/hotel/in/the-oakleaf-mussoorie.html	Booking.com	Hotel The Oakleaf Mussoorie	mussoorie	30.4586712292693	78.0599905275417	the-oakleaf	2026-10-08
https://www.booking.com/hotel/in/oyo-83098-city-palace.html	Booking.com	Super Hotel O Krishna Nagar Chowk Formerly City Palace	dehradun	30.3338011454376	78.0266773843914	super-o-krishna-nagar-chowk-near-ongc	2026-10-08
https://www.booking.com/hotel/in/chusta-kunwa-villa-and-resort.html	Booking.com	The Grand Forest View Hotel & Resort A - Luxury Rooms	mussoorie	30.485999448015924	78.04552304819333	resort-chusta-kunwa-and	2026-10-08
https://www.booking.com/hotel/in/stay-with-hill-heaven.html	Booking.com	The Forest View Resort, Mussoorie - top rated & most awarded property	mussoorie	30.4864176	78.0414383	resort-chusta-kunwa-and	2026-10-08
https://www.booking.com/hotel/in/forest-view-and-restaurant.html	Booking.com	Hotel Forest View and Restaurant	mussoorie	30.485612	78.049551	resort-chusta-kunwa-and	2026-10-08
https://www.booking.com/hotel/in/forest-view-by-shashwat-hotels.html	Booking.com	The Blues Hotel Forest View Near Mall Road Mussorrie	mussoorie	30.4582325	78.0706004	the-forest-view-by-dl-hotels-and-resorts	2026-10-08
https://www.booking.com/hotel/in/cottage-in-the-clouds-by-vista-rooms.html	Booking.com	Cottage in the Clouds by StayVista - 3BHK with Mountain View & BBQ	mussoorie	30.459154312039537	78.05434050926215	the-forest-view-by-dl-hotels-and-resorts	2026-10-08
https://www.booking.com/hotel/in/anamika-forest-view-1rk.html	Booking.com	Anamika Forest View 1RK Near Kempty Falls Mussoorie	mussoorie	30.4864854853055	78.0414534956776	the-forest-view-by-dl-hotels-and-resorts	2026-10-08
https://www.booking.com/hotel/in/cookeez-home.html	Booking.com	Cookies Home	mussoorie	30.390206985965634	78.10524371720582	cookeez-home	2026-10-08
https://www.booking.com/hotel/in/vishnu-palace-mussoorie.html	Booking.com	Hotel Vishnu Palace	mussoorie	30.457922700883483	78.0689924955368	vishnu-palace	2026-10-08
https://www.booking.com/hotel/in/cookies-home-dehradun.html	Booking.com	Cookies Home	dehradun	30.2632249746542	78.0853133468972	cookeez-home	2026-10-08
https://www.booking.com/hotel/in/mosaic-mussoorie.html	Booking.com	Mosaic Original, Mussoorie	mussoorie	30.454220989520415	78.08259347453713	kanari	2026-10-08
https://www.oyorooms.com/224442/	OYO	Collection O MALIK HOME STAY	dehradun	30.318423	78.001885	collection-o-malik-home-stay	2026-10-08
https://www.booking.com/hotel/in/arvelia-colonial-manor-luxe-by-da-alohas.html	Booking.com	Arvelia Colonial Manor - Luxe by Da Alohas	mussoorie	30.4663601	78.0550454	arvelia-mansion-by-da-alohas-with-100-years-of-heritage-luxury	2026-10-08
https://www.booking.com/hotel/in/arvelia-colonial-george-everest-luxe-by-da-alohas.html	Booking.com	Arvelia Colonial George Everest Luxe By Da Alohas	mussoorie	30.4663625	78.0550469	arvelia-mansion-by-da-alohas-with-100-years-of-heritage-luxury	2026-10-08
https://www.booking.com/hotel/in/stayvista-at-twilight-perch.html	Booking.com	StayVista's Twilight Perch - 6BHK Villa with BBQ & Bonfire	mussoorie	30.4558222716389	78.0406620164599	stayvista-at-twilight-perch-with-bbq-bonfire-lawn	2026-10-08
https://www.oyorooms.com/264281/	OYO	Collection O Race Course Dehradun	dehradun	30.3114722	78.0452222	collection-o-malik-home-stay	2026-10-08
https://www.oyorooms.com/218521/	OYO	Collection O The Second Home	dehradun	30.28993	77.99929	collection-o-malik-home-stay	2026-10-08
https://www.oyorooms.com/248543/	OYO	Collection O Elite	dehradun	30.2888826	77.9942542	collection-o-malik-home-stay	2026-10-08
https://www.oyorooms.com/101237/	OYO	Hotel O Kedarpuram Near Doon University	dehradun	30.2762014	78.0441733	super-o-kedarpuram-near-doon-university	2026-10-08
https://www.oyorooms.com/222001/	OYO	Spot On Negi Homestay	dehradun	30.331341666905757	78.02833463642922	hotel-dehradun-11	2026-10-08
https://www.oyorooms.com/88080/	OYO	SPOT ON Sneha Home Stay	dehradun	30.3379390049134	77.9534070566297	hotel-dehradun-11	2026-10-08
https://www.oyorooms.com/83395/	OYO	SPOT ON Swagat Home Stay	dehradun	30.2591975216368	78.0890480428934	hotel-dehradun-11	2026-10-08
https://www.oyorooms.com/114057/	OYO	SPOT ON Ekta Home Stay	dehradun	30.2898032216546	78.0030609481037	hotel-dehradun-11	2026-10-08
https://www.oyorooms.com/187581/	OYO	Hotel O Prem Nagar Dehradun Formerly Ganpati Inn	dehradun	30.3320997	77.9618529	hotel-dehradun-11	2026-10-08
https://www.oyorooms.com/78287/	OYO	SPOT ON 48464 Swagat Home Stay	dehradun	30.360321	77.845537	hotel-dehradun-11	2026-10-08
https://www.oyorooms.com/85469/	OYO	New code DHN967	dehradun	30.33117	78.02803	hotel-dehradun-11	2026-10-08
https://www.oyorooms.com/75173/	OYO	SPOT ON 46572 Atithi Home Stay	dehradun	30.2913203690978	77.9956850409508	hotel-dehradun-11	2026-10-08
https://www.oyorooms.com/233257/	OYO	Hotel O Doon Homestay	dehradun	30.32756	78.01019	doon-dehradun	2026-10-08
https://www.oyorooms.com/10130/	OYO	OYO 6044 Hotel Doon Castle	dehradun	30.30723	78.01515	doon-dehradun	2026-10-08
https://www.oyorooms.com/7178/	OYO	Super Hotel O GMS Road Ballupur Chowk Formerly Maira Residency	dehradun	30.329704084375443	78.01081689074636	super-o-krishna-nagar-chowk-near-ongc	2026-10-08
https://www.oyorooms.com/259691/	OYO	Super Hotel O Krishna Nagar Chowk Formerly City Palace	dehradun	30.333801145437697	78.02667738439142	super-o-krishna-nagar-chowk-near-ongc	2026-10-08
https://www.oyorooms.com/329252/	OYO	HOTEL O HISAR WALA RESORT	mussoorie	30.4455156	78.0772831	resort-o-hisar-wala	2026-10-08
https://www.oyorooms.com/9005/	OYO	CAPITAL O 5424 Pushpanjali Residency	dehradun	30.304149	78.012267	oyo-5424-pushpanjali-residency	2026-10-08
https://www.booking.com/hotel/in/stayvista-at-glass-forest-with-bonfire-bbq.html	Booking.com	StayVista's Cliffbourne - 5BHK Villa with BBQ & Bonfire	mussoorie	30.4559114836877	78.0406526470822	stayvista-at-twilight-perch-with-bbq-bonfire-lawn	2026-10-08
https://www.booking.com/hotel/in/stayvista-at-the-pink-magnolia.html	Booking.com	StayVista at The Pink Magnolia - Valley View & Bonfire	mussoorie	30.4512010461158	78.1320541949197	stayvista-at-twilight-perch-with-bbq-bonfire-lawn	2026-10-08
https://www.booking.com/hotel/in/wildwood-peaks-grahil.html	Booking.com	Wildwood Peaks grahil	mussoorie	30.484602	78.0462058	wildwood-peaks-grahil	2026-10-08
https://www.booking.com/hotel/in/saraiville-dehradun.html	Booking.com	Saraiville- A Boutique Riverside Stay	dehradun	30.395946676566	77.989096440788	resort-saraiville-a-boutique-riverside	2026-10-08
https://www.booking.com/hotel/in/krishna-dehradun1.html	Booking.com	Krishna Hotel	dehradun	30.3256476	78.0409229	krishna-palace-248001	2026-10-08
https://www.booking.com/hotel/in/valley-vista-mussoorie1.html	Booking.com	Perfectstayz Value Vista 5 min walk to Mall road	mussoorie	30.452625	78.086885	perfectstayz-homes-120-meters-uphill	2026-10-08
https://www.booking.com/hotel/in/sunny-cot-mussoorie.html	Booking.com	Hotel Sunny Cot - Free Mall Shuttle and Parking	mussoorie	30.456618628023882	78.07921808095094	surya-kiran	2026-10-08
https://www.booking.com/hotel/in/cap10-cafe.html	Booking.com	Cap10 Cafe	dehradun	30.3534274	77.9933197	cap10-cafe	2026-10-08
https://www.booking.com/hotel/in/prithvi-and-restaurant.html	Booking.com	Prithvi hotel and restaurant	mussoorie	30.4890512	78.0420204	accord	2026-10-08
https://www.booking.com/hotel/in/abs-abode.html	Booking.com	AB's Abode-A Boutique Hotel	mussoorie	30.45884166634286	78.0601969636296	accord	2026-10-08
https://www.booking.com/hotel/in/silver-arch.html	Booking.com	Comfort Inn Silver Arch Hotel, Mussoorie	mussoorie	30.45400711481386	78.08095782995224	accord	2026-10-08
https://www.booking.com/hotel/in/samsara-hill-resort-by-leisure-hotels.html	Booking.com	Samsara Hill Resort By Leisure Hotels	mussoorie	30.4538543	78.0655636	accord	2026-10-08
https://www.booking.com/hotel/in/ishani-inn.html	Booking.com	Hotel Classic crown, Mussoorie - A Boutique & Wellness Hotel near JW Marriot's Mussoorie	mussoorie	30.484238214954786	78.04622667284407	accord	2026-10-08
https://www.booking.com/hotel/in/india-mussoorrie.html	Booking.com	Hotel India	mussoorie	30.459754	78.064545	accord	2026-10-08
https://www.booking.com/hotel/in/ardmore-hills.html	Booking.com	SSH Ardmore Hills	mussoorie	30.4533425583095	78.08725885581971	accord	2026-10-08
https://www.booking.com/hotel/in/konark-mussoorie.html	Booking.com	Konark Hotel Mussoorie	mussoorie	30.4514767	78.0827583	accord	2026-10-08
https://www.booking.com/hotel/in/hamers-international.html	Booking.com	Hotel Hamers International	mussoorie	30.4580102512511	78.0678686499596	accord	2026-10-08
https://www.booking.com/hotel/in/subham-da.html	Booking.com	Subham da hotel	mussoorie	30.4820309748404	78.0365422206261	subham-da	2026-10-08
https://www.booking.com/hotel/in/hazy-hill.html	Booking.com	Hazy hill	mussoorie	30.4532317	78.1517044	hazy-hill	2026-10-08
https://www.booking.com/hotel/in/badri-kedar-stay.html	Booking.com	Badri Kedar Stay	dehradun	30.2721469	78.0674117	badri-kedar-stay	2026-10-08
https://www.booking.com/hotel/in/badri-kedar-guest-house-amp.html	Booking.com	Badri kedar guest house & hotel	dehradun	30.2948941	78.055298	badri-kedar-stay	2026-10-08
https://www.booking.com/hotel/in/parvatiya-homestay.html	Booking.com	Parvatiya Homestay	mussoorie	30.482467305573	78.034729442103	hotel-mussoorie-27	2026-10-08
https://www.booking.com/hotel/in/fort-resorts-mussoorie.html	Booking.com	Fort Resorts Mussoorie	mussoorie	30.4487910747801	78.0859149131509	hotel-mussoorie-27	2026-10-08
https://www.booking.com/hotel/in/krishna-guest-house-mussoorie1.html	Booking.com	Krishna guest house	mussoorie	30.4827258395649	78.0468823715455	hotel-mussoorie-27	2026-10-08
https://www.booking.com/hotel/in/shiv-guest-house-mussoorie.html	Booking.com	Mussoorie Shiv Home Stay	mussoorie	30.456635965451817	78.07662056443705	hotel-mussoorie-27	2026-10-08
https://www.booking.com/hotel/in/sai-homestay-mussoorie.html	Booking.com	Sai Homestay	mussoorie	30.4547465	78.081985	hotel-mussoorie-27	2026-10-08
https://www.booking.com/hotel/in/zostel-mussoorie-mall-road.html	Booking.com	Zostel Mussoorie, Mall Road	mussoorie	30.45423886064	78.079679280386	apt-b-for-bunk	2026-10-08
https://www.booking.com/hotel/in/blue-steem-resort.html	Booking.com	Blue Steem Resort	mussoorie	30.459790592395684	78.06555391058963	resort-blue-steem	2026-10-08
https://www.booking.com/hotel/in/naprer-homes.html	Booking.com	NaPrer Homes	dehradun	30.3345816	78.0537813	naprer-homes	2026-10-08
https://www.booking.com/hotel/in/rose-manor-suites.html	Booking.com	Rose Manor suites	mussoorie	30.3976553369256	78.0780194451781	rose-manor-suites	2026-10-08
https://www.booking.com/hotel/in/casa-mama.html	Booking.com	Casa Mama	dehradun	30.3880936	78.0734411	casa-mama	2026-10-08
https://www.booking.com/hotel/in/comfy-stay-dehradun.html	Booking.com	2BHK Luxury apartment in Dehradun	dehradun	30.3734722468249	78.0974323452799	kedarkuteer	2026-10-08
https://www.booking.com/hotel/in/ps4-pro-1bhk-2-king-beds-kitchen-bathroom.html	Booking.com	PS4 Pro ,1BHK , 2 King Beds , Kitchen Bathroom	dehradun	30.35623263337877	78.07215363022006	ps4-pro-1bhk-2-king-beds-kitchen-bathroom	2026-10-08
https://www.booking.com/hotel/in/rajpur-heights.html	Booking.com	Hotel Rajpur Heights	mussoorie	30.3976761193733	78.0935950577259	rajpur-heights	2026-10-08
https://www.booking.com/hotel/in/1bhk-with-2-king-beds-kitchen-amp-balcony-dehradun.html	Booking.com	1BHK with 2 King Beds, Kitchen & Balcony Dehradun	dehradun	30.355996380367	78.07194069538245	ps4-pro-1bhk-2-king-beds-kitchen-bathroom	2026-10-08
https://www.booking.com/hotel/in/o-dehradun-railway-station-road-formerly-north-star-residency.html	Booking.com	Hotel O Dehradun Railway Station Road Formerly North Star Residency	dehradun	30.3182236041022	78.0299055597675	o-railway-station-road-formerly-north-star-residency	2026-10-08
https://www.booking.com/hotel/in/the-aralia.html	Booking.com	The Aralia	dehradun	30.3803728	78.068015	the-aralia	2026-10-08
https://www.booking.com/hotel/in/o-dehradun-railway-station-formerly-vista-express-homestay.html	Booking.com	Hotel O Dehradun Railway Station Formerly Vista Express Homestay	dehradun	30.312669436602643	78.02376866554145	o-railway-station-road-formerly-north-star-residency	2026-10-08
https://www.oyorooms.com/1027/	OYO	OYO 937 Sand Stone Hotel	dehradun	30.289117	78.005025	oyo-937-sand-stone	2026-10-08
https://www.oyorooms.com/328229/	OYO	Hotel O Dehradun Railway Station Formerly Vista Express Homestay	dehradun	30.3104883	78.0286182	o-railway-station-road-formerly-north-star-residency	2026-10-08
https://www.oyorooms.com/10063/	OYO	Hotel O Dehradun Railway Station Road Formerly North Star Residency	dehradun	30.318242	78.029929	o-railway-station-road-formerly-north-star-residency	2026-10-08
https://www.oyorooms.com/308029/	OYO	Hotel O Dehradun Central Railway Junction Formerly Bhagwan Guest House	dehradun	30.3165383	78.0387742	o-railway-station-road-formerly-north-star-residency	2026-10-08
https://www.booking.com/hotel/in/the-mars-sphere.html	Booking.com	The Mars Sphere	dehradun	30.3368915	78.0574145	the-mars-sphere	2026-10-08
https://www.booking.com/hotel/in/by-the-woods-basera.html	Booking.com	By the Woods Basera	mussoorie	30.4187141740019	77.9261282578418	basera-by-the-woods	2026-10-08
https://www.booking.com/hotel/in/o-comfort-dehradun.html	Booking.com	Hotel O Comfort	dehradun	30.32612	78.04394	o-green-comfort	2026-10-08
https://www.booking.com/hotel/in/oyo-flagship-81217-vishal-paradise.html	Booking.com	Hotel O Vishal Paradise	dehradun	30.3083158	78.0154087	o-vishal-paradise	2026-10-08
https://www.booking.com/hotel/in/vishal-paradise-dehradun.html	Booking.com	Vishal Paradise	dehradun	30.3082983322293	78.0154434544206	o-vishal-paradise	2026-10-08
https://www.booking.com/hotel/in/rex-mussoorie.html	Booking.com	Hotel Rex Mussoorie	mussoorie	30.438611	78.074466	rex	2026-10-08
https://www.booking.com/hotel/in/grace-inn-dehradun1.html	Booking.com	GRACE Inn	dehradun	30.3160938	78.036653	grace-inn	2026-10-08
https://www.booking.com/hotel/in/natures-nest-dehradun1.html	Booking.com	Natures Nest	dehradun	30.3645758744585	78.085697881283	natures-nest-dehradun	2026-10-08
https://www.booking.com/hotel/in/comfy-stay-dehradun1.html	Booking.com	Comfy Stay	dehradun	30.3451564945369	78.0734933253825	cosy-stays-hungry-home	2026-10-08
https://www.booking.com/hotel/in/grace-inn-dehradun.html	Booking.com	Grace Inn Hotel Dehradun	dehradun	30.289365	78.0389583	grace-inn	2026-10-08
https://www.booking.com/hotel/in/cosy-malsi-den.html	Booking.com	Cosy Den in Malsi	dehradun	30.386963	78.0741184	cosy-stays-hungry-home	2026-10-08
https://www.booking.com/hotel/in/luxury-stay-with-mussoorie-views-amp-cozy-vibes-dehradun.html	Booking.com	Luxury Stay with Mussoorie Views & Cozy Vibes	dehradun	30.365650491492	78.09765018037402	cosy-stays-hungry-home	2026-10-08
https://www.booking.com/hotel/in/cosy-studio-apartment-with-mussorie-mountains-view.html	Booking.com	Cosy Studio Apartment with Mussorie mountains view	dehradun	30.3880936	78.0734411	cosy-stays-hungry-home	2026-10-08
https://www.booking.com/hotel/in/cozy-nest-dehradun1.html	Booking.com	Cozy Nest	dehradun	30.3645448	78.0854815	cosy-stays-hungry-home	2026-10-08
https://www.booking.com/hotel/in/the-cozy-stay-dehraaduun.html	Booking.com	The cozy stay	mussoorie	30.3992691	78.0789942	cosy-stays-hungry-home	2026-10-08
https://www.booking.com/hotel/in/cozy-nest-dehradun2.html	Booking.com	Cozy Nest	dehradun	30.3646878714204	78.0854758949133	cosy-stays-hungry-home	2026-10-08
https://www.booking.com/hotel/in/independent-stuio-apartment.html	Booking.com	Cozy Studio Apartment	dehradun	30.3634506	78.0846744	cosy-stays-hungry-home	2026-10-08
https://www.booking.com/hotel/in/spring-wood-mussoorie.html	Booking.com	Hotel Spring Wood	mussoorie	30.441237	78.086587	phoenix	2026-10-08
https://www.booking.com/hotel/in/deep-mussoorie.html	Booking.com	Deep Hotel	mussoorie	30.457021067223	78.080054971399	phoenix	2026-10-08
https://www.booking.com/hotel/in/dipotika-valley-resort.html	Booking.com	The Moksh DA Hotel A Premium Property Near Jaypee Hotel	mussoorie	30.437558671971896	78.08626493491825	phoenix	2026-10-08
https://www.booking.com/hotel/in/bills-farm-and-cafe-dehradun.html	Booking.com	Bills Farm And Cafe	dehradun	30.3164945	78.0321918	bills-farm-and-cafe	2026-10-08
https://www.booking.com/hotel/in/bills-farm-and-cafe.html	Booking.com	Bills Farm And Cafe	dehradun	30.3794149	78.0053521	bills-farm-and-cafe	2026-10-08
https://www.booking.com/hotel/in/itsy-by-treebo-peak-view.html	Booking.com	Itsy Hotels Peak View, 300 Mts From Mall Road	mussoorie	30.457860379304684	78.0781660264306	phoenix	2026-10-08
https://www.booking.com/hotel/in/shubh-mussoorie.html	Booking.com	Shubh Hotel	mussoorie	30.4439278411883	78.0778520181343	phoenix	2026-10-08
https://www.booking.com/hotel/in/rk-residency-dehradun.html	Booking.com	Hotel RK Residency	dehradun	30.2930658	78.0259129	rk-residency-dehradun	2026-10-08
https://www.booking.com/hotel/in/palm-aryan-pause-by-the-stream-resort.html	Booking.com	Palm Aryan Pause by the Stream	mussoorie	30.4833154143072	78.0353359128284	resort-palm-aryan-pause-by-the-stream	2026-10-08
https://www.booking.com/hotel/in/shiva-lake-mussoorie.html	Booking.com	Hotel Shiva Lake - Near Mussoorie Lake	mussoorie	30.4459628916786	78.0756804932064	shiv-sutra-resorts	2026-10-08
https://www.booking.com/hotel/in/the-wilbury-homes.html	Booking.com	The Wilbury Homes	mussoorie	30.427249636588	78.083592767063	the-wilbury-homes	2026-10-08
https://www.booking.com/hotel/in/arya-palace-dehradun.html	Booking.com	Treebo Arya Palace With Swimming Pool	dehradun	30.3181204821558	78.01201308408957	arya-palace	2026-10-08
https://www.booking.com/hotel/in/the-pride-mussoorie1.html	Booking.com	Perfectstayz Premium The Pride at mall road	mussoorie	30.449369	78.085938	pride-800-mts-from-mall-road	2026-10-08
https://www.booking.com/hotel/in/saffronstays-the-wilbury.html	Booking.com	SaffronStays Wilbury Homes - The Cheese Villa	mussoorie	30.42735202926	78.083584902071	the-wilbury-homes	2026-10-08
https://www.booking.com/hotel/in/castle-inn-doon-divine.html	Booking.com	Castle INN Doon Divine	dehradun	30.3695097350031	78.0878358934053	castle-doon-divine-inn	2026-10-08
https://www.booking.com/hotel/in/homely-stay-for-travelers.html	Booking.com	Homely Stay for Travelers	dehradun	30.2952792563443	77.9525936043507	homely-stay-for-travelers	2026-10-08
https://www.booking.com/hotel/in/taj-mussoorie-foothills-dehradun.html	Booking.com	Taj Mussoorie Foothills, Dehradun	dehradun	30.3172431	78.0278291	apt-mount-view-retreat-best-mountain-view	2026-10-08
https://www.booking.com/hotel/in/sahastradhara-serenity-villa.html	Booking.com	Sahastradhara serenity villa	dehradun	30.3780336673994	78.1137046014257	villa-sahastradhara-serenity	2026-10-08
https://www.booking.com/hotel/in/fabhotel-clock-view.html	Booking.com	FabHotel Clock View	mussoorie	30.455459	78.086833	fabexpress-clock-view-500m-from-the-mall-road	2026-10-08
https://www.booking.com/hotel/in/baris-resort-mussoorie-mussoorie.html	Booking.com	Baris resort Mussoorie	mussoorie	30.447802241118	78.082672115943	resort-baris	2026-10-08
https://www.booking.com/hotel/in/green-view-siya-kempti.html	Booking.com	Rock Pine View Cottage & Cafe, Mussoorie - blissful view from rooms	mussoorie	30.48495583285851	78.04628518256847	fabexpress-clock-view-500m-from-the-mall-road	2026-10-08
https://www.booking.com/hotel/in/oyo-37373-sapphire-mussoorie123.html	Booking.com	FabHotel Sapphire	mussoorie	30.4579845755413	78.07850327630038	fabexpress-clock-view-500m-from-the-mall-road	2026-10-08
https://www.booking.com/hotel/in/sahastradhara-riverresort.html	Booking.com	Sahastradhara RiverResort	mussoorie	30.400037	78.132526	ba-stays	2026-10-08
https://www.booking.com/hotel/in/o-araghar-chowk.html	Booking.com	Townhouse Araghar Chowk	dehradun	30.311481	78.04519	o-araghar-chowk	2026-10-08
https://www.booking.com/hotel/in/b-amp-a-stays.html	Booking.com	B&A Stays	dehradun	30.3733587	78.0976372	ba-stays	2026-10-08
https://www.booking.com/hotel/in/fully-furnished-2bhk-at-sahastradhara-road.html	Booking.com	Fully furnished 2BHK At Sahastradhara road	dehradun	30.3510513794566	78.0759510376817	ba-stays	2026-10-08
https://www.booking.com/hotel/in/echor-baris-resort-mussoorie.html	Booking.com	Echor Baris Resort Mussoorie	mussoorie	30.4482910855675	78.0822288144654	resort-baris	2026-10-08
https://www.booking.com/hotel/in/casa-nova-stays.html	Booking.com	Casa Nova Stays	dehradun	30.3512898238279	78.0768849938103	ba-stays	2026-10-08
https://www.booking.com/hotel/in/evara-stays-dehradun1.html	Booking.com	Evara Stays	dehradun	30.3461819987444	78.1097196091351	ba-stays	2026-10-08
https://www.booking.com/hotel/in/the-hill-chapter-2bhk-cozy-mountain-retreat-private-rooftop-mussoorie1.html	Booking.com	The hill chapter 2bhk cozy mountain retreat private rooftop	mussoorie	30.4542438	78.0854004	the-hill-chapter-2bhk-cozy-mountain-retreat-private-rooftop-1	2026-10-08
https://www.booking.com/hotel/in/evara-stays-dehradun.html	Booking.com	Evara stays	dehradun	30.3466275633172	78.1091000382444	ba-stays	2026-10-08
https://www.booking.com/hotel/in/abuzz-oxfordcaps-imperial-heights-premium.html	Booking.com	Abuzz Oxfordcaps Imperial Heights Premium	mussoorie	30.402136790925	78.080347835413	abuzz-oxfordcaps-imperial-heights-premium	2026-10-08
https://www.booking.com/hotel/in/buraans.html	Booking.com	Buraans	dehradun	30.3345816	78.0537813	villa-buraans-dehradun	2026-10-08
https://www.booking.com/hotel/in/hill-heritage-homes-dehradun.html	Booking.com	Hill Heritage Homes	dehradun	30.3596122552288	78.0901729625155	hill-heritage-homes	2026-10-08
https://www.booking.com/hotel/in/skot-white-homestay-3-bedroom-family-peaceful-stay.html	Booking.com	Skot White Homestay 3 Bedroom Family Peaceful Stay	dehradun	30.3015064	78.0599606	skot-white-homestay-3-bedroom-family-peaceful-stay	2026-10-08
https://www.booking.com/hotel/in/silver-oaks-cottage-by-vista-rooms.html	Booking.com	The Silver Oaks Cottage by StayVista - 5BHK with Mountain View & Pool Table	mussoorie	30.44945648457	77.9114508564	stayvista-at-silveroaks-cottage	2026-10-08
https://www.booking.com/hotel/in/creek-valley-near-mussoorie-lake.html	Booking.com	Hotel Creek Valley - Near Mussoorie Lake	mussoorie	30.445946112182	78.0702040248269	creek-valley-near-lake	2026-10-08
https://www.booking.com/hotel/in/the-hill-chapter-2bhk-cozy-mountain-retreat-private-rooftop-mussoorie.html	Booking.com	The hill chapter 2bhk cozy mountain retreat private rooftop	mussoorie	30.4542438	78.0854004	the-hill-chapter-2bhk-cozy-mountain-retreat-private-rooftop-1	2026-10-08
https://www.booking.com/hotel/in/the-nand-palace-near-mall-road-mussoorie.html	Booking.com	Hotel The Nand Palace - Near Mall Road- Mussoorie	mussoorie	30.4527337561041	78.0837665749216	hotel-mussoorie-6	2026-10-08
https://www.booking.com/hotel/in/new-gokul-grande.html	Booking.com	New Gokul Grand	dehradun	30.312088741945	78.037475507647	new-gokul-grand	2026-10-08
https://www.booking.com/hotel/in/mussoorie-gateway-mussoorie.html	Booking.com	Mussoorie Gateway	mussoorie	30.4605429	78.0649033	house-1-bedroom-in-gandhi-chowk-mussoorie	2026-10-08
https://www.booking.com/hotel/in/beechwood-holiday-aprtments-mussoorie.html	Booking.com	Beechwood Holiday Apartments	mussoorie	30.458828719368427	78.07213068008423	house-1-bedroom-in-gandhi-chowk-mussoorie	2026-10-08
https://www.booking.com/hotel/in/mayur-mussoorie.html	Booking.com	Treebo Mayur, Mall Road	mussoorie	30.460190216601575	78.06611482054	house-1-bedroom-in-gandhi-chowk-mussoorie	2026-10-08
https://www.booking.com/hotel/in/inayat-dehradun.html	Booking.com	Inayat-Pet friendly boutique homestay	dehradun	30.3131325149467	78.0142125880631	inayat-pet-friendly-boutique-homestay	2026-10-08
https://www.booking.com/hotel/in/isbt-dehradun-mode-residency.html	Booking.com	ISBT Dehradun Mode Residency	dehradun	30.2913907365977	78.0005561863164	isbt-mode-residency	2026-10-08
https://www.booking.com/hotel/in/prince-mussoorie.html	Booking.com	Prince Hotel Mallroad	mussoorie	30.460452051926648	78.0655663087964	prince-mallroad	2026-10-08
https://www.booking.com/hotel/in/fortune-resort-grace.html	Booking.com	Fortune Resort Grace, Mussoorie - Member ITC Hotels' Group	mussoorie	30.459034491344568	78.06324988603592	house-1-bedroom-in-gandhi-chowk-mussoorie	2026-10-08
https://www.booking.com/hotel/in/doon-holiday-stay.html	Booking.com	Doon Holiday Stay	dehradun	30.3649110282089	78.0661966401579	doon-holiday-stay	2026-10-08
https://www.booking.com/hotel/in/o-bhandari.html	Booking.com	Hotel O Bhandari	dehradun	30.306713	77.96	o-bhandari	2026-10-08
https://www.booking.com/hotel/in/sach-hotels-and-resorts-doon-valley-ram-gaon.html	Booking.com	Sach Hotels And Resorts - Doon Valley	mussoorie	30.4862966345595	78.0383071917725	doon-valley-resort	2026-10-08
https://www.booking.com/hotel/in/snowdrop-glamps-pet-friendly-dome-cottges-by-alaya-stays.html	Booking.com	Snowdrop GLAMPS, Pet-Friendly Dome Cottges by Alaya Stays	mussoorie	30.4571625	78.0794531	snowdrop-glamps-pet-friendly-dome-cottges-by-alaya-stays	2026-10-08
https://www.booking.com/hotel/in/nayna-homestay-by-stayapart.html	Booking.com	Nayna Homestay By Stayapart	mussoorie	30.4577834	78.0743546	hotel-mussoorie-72	2026-10-08
https://www.booking.com/hotel/in/castle-view-mussoorie1.html	Booking.com	Castle view	mussoorie	30.4552532837384	78.0863337154556	castle-view-mussoorie	2026-10-08
https://www.oyorooms.com/325758/	OYO	Super Hotel O Clock Tower Dehradun Formerly Dooncity Suites	dehradun	30.3244815	78.024861	o-green-comfort	2026-10-08
https://www.oyorooms.com/379424/	OYO	Hotel O Comfort 	dehradun	30.3261205	78.043939	o-green-comfort	2026-10-08
https://www.booking.com/hotel/in/opal-villas.html	Booking.com	Opal Villas Mussoorie near Mall Road	mussoorie	30.4450934	78.0877923	opal-villas	2026-10-08
https://www.oyorooms.com/36278/	OYO	Hotel O Green Comfort	dehradun	30.3174566	78.0355287	o-green-comfort	2026-10-08
https://www.oyorooms.com/1172/	OYO	OYO Hotel Devlok Primal	mussoorie	30.4610657	78.0632319	devlok-primal	2026-10-08
https://www.oyorooms.com/210121/	OYO	Hotel O by OYO Vishal Paradise	dehradun	30.3083362	78.0154118	o-vishal-paradise	2026-10-08
https://www.oyorooms.com/306871/	OYO	[Day Stay - 12 Hrs Slot: 8 AM to 8 PM] Collection O Tehri Nagar Near Doon University	dehradun	30.276199	78.044249	collection-o-kedarpuram-doon-university	2026-10-08
https://www.oyorooms.com/208639/	OYO	Live on DHN940	dehradun	30.2851395	78.0396232	collection-o-kedarpuram-doon-university	2026-10-08
https://www.oyorooms.com/202895/	OYO	Flagship The Kaafal Homestay - Zero Point Mussoorie	mussoorie	30.4666019	78.0603327	flagship-the-kaafal-homestay-zero-point	2026-10-08
https://www.oyorooms.com/57436/	OYO	OYO Home 38767 Cozy Mount View  Stay Dehradun	dehradun	30.364465	78.089727	cosy-stays-hungry-home	2026-10-08
https://www.oyorooms.com/41565/	OYO	OYO Home 18697 Cosy Stay	dehradun	30.317083	78.038931	cosy-stays-hungry-home	2026-10-08
https://www.oyorooms.com/348462/	OYO	Hotel O by OYO DUNARA	dehradun	30.352972	78.083722	resort-dunara-hotels	2026-10-08
https://www.oyorooms.com/207422/	OYO	Collection O Shiv Sutra Resorts, Mussoorie	mussoorie	30.451502690107336	78.06719104638694	shiv-sutra-resorts	2026-10-08
https://www.oyorooms.com/79087/	OYO	Hotel O by OYO Rajput Stays sahastradhara Road	mussoorie	30.3847778	78.1235084	hotel-rajpur-16	2026-10-08
https://www.booking.com/hotel/in/suns-kwari-resort.html	Booking.com	Blisbook Dwaper Hotel Near Library Mall Road	mussoorie	30.4697819461777	78.0606043086436	dwaper-mussoorie	2026-10-08
https://www.booking.com/hotel/in/stay-with-hills-inn-mussoorie.html	Booking.com	The English Rose, Mussoorie - A Peaceful Hidden Resort By Blisbook	mussoorie	30.477540697459542	78.0511933635239	resort-the-english-rose-a-peaceful-hidden-by-sitara-group	2026-10-08
https://www.booking.com/hotel/in/fabhotel-f9-mall-road.html	Booking.com	FabHotel Royal Classic	mussoorie	30.45457367954139	78.08064303606416	fabhotel-palazzo	2026-10-08
https://www.booking.com/hotel/in/red-manor.html	Booking.com	Red Manor	dehradun	30.2870601828881	78.0684971814214	red-manor	2026-10-08
https://www.booking.com/hotel/in/house-in-the-oaks.html	Booking.com	House in the Oaks	mussoorie	30.4539595497996	78.0557047275086	house-in-the-oaks	2026-10-08
https://www.booking.com/hotel/in/everest-green.html	Booking.com	Everest Green	dehradun	30.3793671477422	78.0691573370605	everest-green	2026-10-08
https://www.booking.com/hotel/in/a-warm-calm-cozy-homestay-nestled-by-the-forest.html	Booking.com	A warm, calm, cozy homestay nestled by the forest	dehradun	30.3771405	78.0694334	a-warm-calm-cozy-homestay-nestled-by-the-forest	2026-10-08
https://www.booking.com/hotel/in/sheetal-restaurant.html	Booking.com	Sheetal Restaurant	mussoorie	30.486932804550385	78.03749493392884	sheetal-restaurant	2026-10-08
https://www.booking.com/hotel/in/meenarva.html	Booking.com	SANDOZ Minerva - A Boutique Resort	mussoorie	30.45532859761797	78.08068260927995	minerva	2026-10-08
https://www.booking.com/hotel/in/jewels-dehradun.html	Booking.com	Hotel Jewels at Rajpur Road	dehradun	30.3437009	78.0633662	jewels	2026-10-08
https://www.booking.com/hotel/in/kanchan-in-dehradun-dehradun.html	Booking.com	Hotel Kanchan Dehradun	dehradun	30.31150210362286	78.03664545708557	kanchan-dehradun-248001	2026-10-08
https://www.booking.com/hotel/in/himshri-mussoorie.html	Booking.com	Hotel Himshri Mall Road By Ovata	mussoorie	30.4547953399683	78.080799380403	hsr-residency	2026-10-08
https://www.booking.com/hotel/in/nab-residency.html	Booking.com	The Four Season Resort, Mussoorie - top rated & most awarded property in mussoorie	mussoorie	30.4842666469373	78.04620730515634	hsr-residency	2026-10-08
https://www.booking.com/hotel/in/hariyana-family-amp-restaurant.html	Booking.com	Haryana family hotel & restaurant	mussoorie	30.4817615719995	78.0444412416841	hariyana-family-restaurant	2026-10-08
https://www.booking.com/hotel/in/gurugram-resort-mussoorie.html	Booking.com	Gurugram Resort Mussoorie	mussoorie	30.432242402494	78.0769782599337	surya-kiran	2026-10-08
https://www.booking.com/hotel/in/guru-kripa-family-restaurant-amp.html	Booking.com	Guru Kripa Family Restaurant & Hotel	mussoorie	30.485035885672	78.046386975856	guru-kripa-family-restaurant	2026-10-08
https://www.booking.com/hotel/in/the-sandstone-studio-dehradun5.html	Booking.com	The Sandstone Studio	dehradun	30.3879937387086	78.0737141391821	the-sandstone-studio-1	2026-10-08
https://www.booking.com/hotel/in/chandra-grand-dehradun.html	Booking.com	Chandra Grand	dehradun	30.274643757033	78.034866278483	chandra-grand	2026-10-08
https://www.booking.com/hotel/in/amar-home-stay-mussoorie.html	Booking.com	Amar home stay	mussoorie	30.4580552290921	78.0793497002578	house-amar	2026-10-08
https://www.booking.com/hotel/in/the-amar-grand-mussoorie3.html	Booking.com	Hotel The Amar Grand	mussoorie	30.4547123	78.0819649	house-amar	2026-10-08
https://www.booking.com/hotel/in/le-meridien-dehradun-india-resort-spa.html	Booking.com	Le Méridien Dehradun Resort & Spa	dehradun	30.388419	78.024286	osho-resorts	2026-10-08
https://www.booking.com/hotel/in/yog-wellness-by-amritara.html	Booking.com	Yog Wellness Resort & Spa By Amritara	mussoorie	30.440937	78.087298	house-amar	2026-10-08
https://www.booking.com/hotel/in/o-shimla-bypass-road-isbt-dehradun-formerly-benison-guest-house.html	Booking.com	Hotel O Shimla Bypass Road ISBT Dehradun Formerly Benison Guest House	dehradun	30.29226	77.99264	osho-resorts	2026-10-08
https://www.booking.com/hotel/in/megha-wellness-retreat.html	Booking.com	Megha Resort & Villas, Dehradun-Where Nature Pampers You	mussoorie	30.4009380257958	78.00727682174	osho-resorts	2026-10-08
https://www.booking.com/hotel/in/meera-homes-mumbai.html	Booking.com	Meera Homes	dehradun	30.334355175718	78.055415353151	meera-homes	2026-10-08
https://www.booking.com/hotel/in/six-senses-vana.html	Booking.com	Six Senses Vana - A Wellness Retreat	dehradun	30.378872	78.076446	osho-resorts	2026-10-08
https://www.booking.com/hotel/in/pine-amp-peak-residence.html	Booking.com	Pine & Peak Residence	dehradun	30.3880936	78.0734411	pine-peak-2bhk	2026-10-08
https://www.booking.com/hotel/in/zenroofs-cloud-haven-5bhk-villa.html	Booking.com	ZenRoofs- Cloud Haven 5BHK Villa	mussoorie	30.4463322	78.0779789	the-misty-haven	2026-10-08
https://www.booking.com/hotel/in/queen-of-hills-mussoorie.html	Booking.com	Treebo Premium Queen of Hills 900 M from Mall Road	mussoorie	30.45815666652373	78.05557133446455	resort-the-queen-hill-view-a-luxury-a-property-in	2026-10-08
https://www.booking.com/hotel/in/sanjit-royal-stay.html	Booking.com	The Spring Dale Resort, Mussoorie by Sitara group - Best Selling Resort in Mussoorie 2025-26	mussoorie	30.482651436318704	78.0364550667181	sanjit-royal-stay	2026-10-08
https://www.booking.com/hotel/in/mitra-dehradun1.html	Booking.com	Hotel Mitra	dehradun	30.3480832477649	78.020362285396	mitra	2026-10-08
https://www.booking.com/hotel/in/the-kaafilaa-retreat.html	Booking.com	The Kaafilaa Retreat	dehradun	30.3569766368505	78.0793261744532	apt-the-kaafilaa-retreat	2026-10-08
https://www.booking.com/hotel/in/oak-wood-luxury-in-mussoorie.html	Booking.com	The Amber Retreat - A Cozy Stay Surrounded by the Beauty of Mussoorie #Mountain View #Luxury Rooms #Restaurant #Parking	mussoorie	30.483582110033176	78.04591896018869	panchal-retreat	2026-10-08
https://www.booking.com/hotel/in/clifton-raj-dlx-by-stayapart-mussoorie.html	Booking.com	Treebo Raj Mall Road	mussoorie	30.45360674394235	78.083425635582	treebo-premium-queen-of-hills-near-mall-road	2026-10-08
https://www.booking.com/hotel/in/masoori-10-km-sahatradha-5-km.html	Booking.com	masoori 10 km sahatradha 5 km	dehradun	30.3562138	78.0854502	masoori-10-km-sahatradha-5-km	2026-10-08
https://www.booking.com/hotel/in/the-coverpage-boutique-stay-mussoorie.html	Booking.com	The Coverpage Boutique Stays Mussoorie	mussoorie	30.455833354619	78.121774839527	the-coverpage-boutique-stays	2026-10-08
https://www.booking.com/hotel/in/pax-amp-opis-luxury-boutique-stays.html	Booking.com	Pax & Opis Luxury Boutique Stays	mussoorie	30.43408043718265	78.08432981010361	the-coverpage-boutique-stays	2026-10-08
https://www.booking.com/hotel/in/shivantaa-homestay-dehradun.html	Booking.com	Shivantaa homestay	dehradun	30.2978552287447	78.0695427271386	shivantaa-homestay	2026-10-08
https://www.booking.com/hotel/in/suggi-zero-point.html	Booking.com	Maroma	mussoorie	30.485727784932255	78.04638064996857	suggi-zero-point	2026-10-08
https://www.booking.com/hotel/in/snowmist-stay.html	Booking.com	Perfectstayz Luxe mall road	mussoorie	30.4621755978781	78.0684821829449	snowmist-stay	2026-10-08
https://www.booking.com/hotel/in/pcr-continental-dehradun1.html	Booking.com	PCR Continental	dehradun	30.2773747	78.0429682	pcr-continental-dehradun	2026-10-08
https://www.booking.com/hotel/in/pcr-continental-dehradun.html	Booking.com	PCR Continental	dehradun	30.2772049568755	78.0429510371631	pcr-continental-dehradun	2026-10-08
https://www.booking.com/hotel/in/the-lofthouse.html	Booking.com	The Lofthouse	mussoorie	30.4032876	78.0816911	apt-the-lofthouse	2026-10-08
https://www.booking.com/hotel/in/fun-n-forest-resort.html	Booking.com	Fun N Forest Resort	mussoorie	30.4028125	78.1326875	resort-fun-n-forest	2026-10-08
https://www.booking.com/hotel/in/green-view-inn-homestay.html	Booking.com	Green view inn Homestay	mussoorie	30.4029645	78.0905691	green-view-homestay-inn	2026-10-08
https://www.booking.com/hotel/in/airport-forest-view-ghugugti-farmstay.html	Booking.com	Ghughuti Homestay	dehradun	30.260860073111	78.167250225191	ghughuti-baasa-home-stay	2026-10-08
https://www.booking.com/hotel/in/shangri-la-mussoorie.html	Booking.com	Shangri-La	mussoorie	30.4787258062141	77.9704083750653	shangri-hills	2026-10-08
https://www.booking.com/hotel/in/stayvista-at-bourbon-sky-with-bonfire-bbq-lawn.html	Booking.com	StayVista's Bourbon Sky - 3BHK Mountain-View Villa with BBQ	mussoorie	30.4391759511457	78.0636425398705	stayvista-mellow-cottage-scenic-view-near-mall-road	2026-10-08
https://www.booking.com/hotel/in/sukoon-by-the-valley.html	Booking.com	Sukoon By The Valley	mussoorie	30.444749	78.0705522	resort-khyarsi-near-waterfall	2026-10-08
https://www.booking.com/hotel/in/the-grand-valley-tirupati.html	Booking.com	The Grand Valley, Mussoorie	mussoorie	30.4547914556807	78.0792279184547	resort-khyarsi-near-waterfall	2026-10-08
https://www.booking.com/hotel/in/a-santorini-home-by-le-reve.html	Booking.com	A Santorini Home - By Le Rêve 5Mins from Mall Road	mussoorie	30.4575707	78.0549125	a-santorini-home-by-le-reve-5mins-from-mall-road	2026-10-08
https://www.booking.com/hotel/in/100-stairs-holiday-home-mussoorie4.html	Booking.com	100 stairs holiday home	mussoorie	30.458267314922	78.057904161002	a-santorini-home-by-le-reve-5mins-from-mall-road	2026-10-08
https://www.booking.com/hotel/in/sukoon-luxury-apartments-mussoorie.html	Booking.com	Sukoon Luxury Apartments	mussoorie	30.452046	78.0562107	sukoon-by-the-valley	2026-10-08
https://www.booking.com/hotel/in/casa-blanca-by-signature-mussoorie.html	Booking.com	Casa Blanca by Signature, Mussoorie	mussoorie	30.4547465	78.081985	silver-line-by-la-casa	2026-10-08
https://www.booking.com/hotel/in/s-square.html	Booking.com	Hotel S Square by LA Casa	mussoorie	30.460958112614	78.057665071269	silver-line-by-la-casa	2026-10-08
https://www.booking.com/hotel/in/o-kriswa-home.html	Booking.com	Super Hotel O Sahastradara Road Dehradun Formerly Kriswa Home	dehradun	30.347393	78.07444	o-kriswa-home	2026-10-08
https://www.booking.com/hotel/in/stillwood-resort-mussoorie.html	Booking.com	Stillwood Resort Mussoorie	mussoorie	30.4719578	78.0582456	resort-sl-manor-hill	2026-10-08
https://www.booking.com/hotel/in/rtc-green-pearl.html	Booking.com	RTC GREEN Pearl	mussoorie	30.4720572478988	78.0583969788032	oyo-1672-the-pearl	2026-10-08
https://www.booking.com/hotel/in/golden-oak-villa-mussoorie.html	Booking.com	FabHotel Golden Oak Villa	mussoorie	30.421973701134	78.08591666817	villa-fabhotel-golden-oak	2026-10-08
https://www.booking.com/hotel/in/heplo-deen-resort.html	Booking.com	The Royal Seasons Dwapar Near Mall Road with Parking	mussoorie	30.461296893358394	78.06021902338982	resort-heplo-deen	2026-10-08
https://www.booking.com/hotel/in/gorayya-homestay.html	Booking.com	Gorayya Villa Luxury Rustic 4BHK Mussoorie Foothills	dehradun	30.3784586246837	78.0639982223511	villa-gorayya	2026-10-08
https://www.booking.com/hotel/in/sterling-pine-hill.html	Booking.com	Sterling Mussoorie	mussoorie	30.452085400615175	78.05621847510338	pinewood-valley	2026-10-08
https://www.booking.com/hotel/in/cul-mul-resort.html	Booking.com	The Pine Woods A Four Star Luxury Resort In Mussoorie Near JW Marriott	mussoorie	30.484795659633466	78.04619140642089	pinewood-valley	2026-10-08
https://www.booking.com/hotel/in/the-pine-villa-mussoorie1.html	Booking.com	Hotel The Pine Villa	mussoorie	30.4419841	78.079382	pinewood-valley	2026-10-08
https://www.booking.com/hotel/in/family-restaurant-and-guest-house.html	Booking.com	The Pine Crest - Luxury Mountain View Resort	mussoorie	30.477090334302183	78.05147499576738	pinewood-valley	2026-10-08
https://www.booking.com/hotel/in/pine-retreat.html	Booking.com	Pine Retreat - A Premium Heritage Property	mussoorie	30.457227	78.075244	pinewood-valley	2026-10-08
https://www.booking.com/hotel/in/gostops-mussoorie-clock-tower.html	Booking.com	goSTOPS Mussoorie Clock Tower	mussoorie	30.4534525	78.0862894	gostops-clock-tower	2026-10-08
https://www.booking.com/hotel/in/sukh-roshan-restro-and.html	Booking.com	Living On The Edge Mussoorie A Luxury Stay with Rooftop Cafe	mussoorie	30.46767841305242	78.06004047366334	cliff-on-the-edge-a-premium-property	2026-10-08
https://www.booking.com/hotel/in/sj-paradise-dehradun.html	Booking.com	SJ PARADISE	dehradun	30.294695	78.002437	paradise-dehradun	2026-10-08
https://www.oyorooms.com/307702/	OYO	[Day Stay - 12 Hrs Slot : 8 AM to 8 PM] Townhouse Araghar Chowk	dehradun	30.311482	78.045189	o-araghar-chowk	2026-10-08
https://www.oyorooms.com/189569/	OYO	Savitri Hotel Nand Palace	mussoorie	30.451624	78.085162	hotel-mussoorie-6	2026-10-08
https://www.oyorooms.com/35471/	OYO	OYO Home 13459 Cozy 1BHK	mussoorie	30.4542653	78.1026668	house-1-bedroom-in-gandhi-chowk-mussoorie	2026-10-08
https://www.oyorooms.com/378083/	OYO	Hotel O Bhandari	dehradun	30.3067133	77.9600022	o-bhandari	2026-10-08
https://www.oyorooms.com/169726/	OYO	OYO Home Cozyhome By Evanka Elite	mussoorie	30.3985498	78.0665205	hotel-dehradun-117	2026-10-08
https://www.oyorooms.com/330862/	OYO	Hotel O namaste doon	mussoorie	30.3954186	78.0753015	doon-holiday-stay	2026-10-08
https://www.oyorooms.com/12583/	OYO	OYO 7516  Doon Home Stays	dehradun	30.372184	78.077099	doon-holiday-stay	2026-10-08
https://www.oyorooms.com/75025/	OYO	Hotel O Ashirwad Guest House	mussoorie	30.486692	78.038076	house-o-ashirwad	2026-10-08
https://www.booking.com/hotel/in/banj-view-resort.html	Booking.com	Belmount Hotel & Resort - Top Rated & Most Awarded Property in Mussoorie	mussoorie	30.493244461028084	78.03896785483401	resort-banj-view	2026-10-08
https://www.booking.com/hotel/in/hotel-green-castle-mall-road.html	Booking.com	Hotel Green Castle Mall road	mussoorie	30.458703534911308	78.07282726501239	green-n-breeze-resorts	2026-10-08
https://www.booking.com/hotel/in/the-nivasa-spacious-2bhk-amp-panoramic-view.html	Booking.com	The Nivasa Spacious 2BHK & Panoramic View	dehradun	30.3783552	78.1082759	the-nivasa-spacious-2bhk-panoramic-view	2026-10-08
https://www.booking.com/hotel/in/the-claridges-nabha-residence.html	Booking.com	The Claridges Nabha Residence	mussoorie	30.446910774937678	78.08304592967033	green-n-breeze-resorts	2026-10-08
https://www.booking.com/hotel/in/padmini-nivas.html	Booking.com	Hotel Padmini NIvas	mussoorie	30.459717	78.064184	jain-regency	2026-10-08
https://www.booking.com/hotel/in/the-abhinandan.html	Booking.com	The Abhinandan	mussoorie	30.454712	78.081965	resort-kalvya-near-the-mall-road	2026-10-08
https://www.booking.com/hotel/in/guru-sharnam-guest-house-kempty.html	Booking.com	Guru Sharnam Guest House	mussoorie	30.4897775	78.0410725	house-guru-sharnam	2026-10-08
https://www.booking.com/hotel/in/gokul-guest-house-dehradun.html	Booking.com	Gokul guest house	dehradun	30.317506628623	78.0363178253174	house-gokul	2026-10-08
https://www.booking.com/hotel/in/collection-o-vidhan-sabha-chowk.html	Booking.com	Collection O Vidhan Sabha Chowk	dehradun	30.29534	78.059494	collection-o-vidhan-sabha-chowk	2026-10-08
https://www.booking.com/hotel/in/chakk-109.html	Booking.com	Chakk 109 Mussoorie Foothills, Dehradun	mussoorie	30.4093256903997	78.0694083103418	villa-chakk-109-mussoorie-foothills	2026-10-08
https://www.booking.com/hotel/in/aryan-castle-homestay-and-party-hall.html	Booking.com	Hotel O Aryan Castle Homestay	dehradun	30.296963282221	77.997971457776	aryan-castle-homestay-and-party-hall	2026-10-08
https://www.booking.com/hotel/in/nivasa-by-nautiyals.html	Booking.com	Nivasa by Nautiyals	dehradun	30.38897031649	78.072441149108	apt-nivasa-by-nautiyals	2026-10-08
https://www.booking.com/hotel/in/kamalkunj.html	Booking.com	KamalKunj	dehradun	30.328435184908916	77.96989912682443	apt-kamalkunj	2026-10-08
https://www.booking.com/hotel/in/serenity-camps-mussourie.html	Booking.com	SERENITY CAMPS, MUSSOURIE	mussoorie	30.48011909853544	78.05104681481932	serenity-camps-mussourie	2026-10-08
https://www.booking.com/hotel/in/liveaway-mussoorie-kempty-by-pack.html	Booking.com	LiveAway Mussoorie, Kempty by PACK	mussoorie	30.4806782356464	78.0359511561811	doon-valley-resort-away-from-city-hustle-mussoorie	2026-10-08
https://www.booking.com/hotel/in/o-dehradun-central-railway-junction-formerly-bhagwan-guest-house.html	Booking.com	Hotel O Dehradun Central Railway Junction Formerly Bhagwan Guest House	dehradun	30.3165383	78.0387742	o-railway-station-road-formerly-north-star-residency	2026-10-08
https://www.booking.com/hotel/in/le-roi-dehradun.html	Booking.com	Le Roi Dehradun at Dehradun Railway Station	dehradun	30.31494994567	78.034172565137	o-railway-station-road-formerly-north-star-residency	2026-10-08
https://www.booking.com/hotel/in/streem-view.html	Booking.com	Hirra Resort	mussoorie	30.47864295031395	78.04919123871458	streem-view	2026-10-08
https://www.booking.com/hotel/in/qutel-view-point-resort.html	Booking.com	The Hill Heaven A Luxury Property With Balcony & Mountain View Rooms	mussoorie	30.47728853562849	78.05146802647371	resort-qutel-view-point	2026-10-08
https://www.booking.com/hotel/in/jungle-wala-zostel-3-min-walk-from-mall-road.html	Booking.com	Jungle wala Jostel- 3 Min walk from mall road	mussoorie	30.4612101	78.0673074	jungle-wala-zostel-3-min-walk-from-mall-road	2026-10-08
https://www.booking.com/hotel/in/house-of-j-amp-b.html	Booking.com	House of J&B	dehradun	30.3153688	77.9995589	villa-house-of-jb	2026-10-08
https://www.booking.com/hotel/in/moonwind-bungalow-with-old-world-charm-mussoorie.html	Booking.com	Moonwind, Bedroom 3 with attached Kitchenette	mussoorie	30.4594691031549	78.0553772552797	apt-moonwind-two-bedroom-with-sitting-room-and-kitchenette	2026-10-08
https://www.booking.com/hotel/in/regenta-lp-vilas-dehradun.html	Booking.com	LP Vilas Dehradun	dehradun	30.3363434	77.9700006	villa-house-of-jb	2026-10-08
https://www.booking.com/hotel/in/moonwind-bedrooms1-amp-2-modern-airy-comfortable.html	Booking.com	Moonwind, two bedroom suite with sitting room and kitchenette, comfortable and modern	mussoorie	30.45910995811734	78.0545531444275	apt-moonwind-two-bedroom-with-sitting-room-and-kitchenette	2026-10-08
https://www.booking.com/hotel/in/livbox.html	Booking.com	Hotel Livbox	dehradun	30.357262	78.086669	livbox	2026-10-08
https://www.booking.com/hotel/in/stayvista-at-avasaa-the-house-in-the-wild-with-bbq.html	Booking.com	StayVista's AVASAA - The House In The Wild - 4BHK with Mountain View & Jacuzzi	dehradun	30.364647347245	78.1152326732788	villa-house-of-jb	2026-10-08
https://www.booking.com/hotel/in/saffronstays-kalagaon-woods-3bhk.html	Booking.com	SaffronStays The Woods - Sal Villa	dehradun	30.356721163946	78.101568427458	villa-house-of-jb	2026-10-08
https://www.booking.com/hotel/in/saffronstays-pebble-house.html	Booking.com	SaffronStays Pebble House - 3BR riverside villa with glass walls, terraces & Nun River views, Dehradun	dehradun	30.3771375	78.0130781	villa-house-of-jb	2026-10-08
https://www.booking.com/hotel/in/saffronstays-the-woods-3bhk.html	Booking.com	SaffronStays The Woods - Pine Villa	dehradun	30.356687319196	78.101559755781	villa-house-of-jb	2026-10-08
https://www.booking.com/hotel/in/silver-oaks-dalanwala-by-jabula-getaways.html	Booking.com	Silver Oaks Dalanwala by Jabula Getaways	dehradun	30.3137172	78.0532335	villa-house-of-jb	2026-10-08
https://www.booking.com/hotel/in/jhingola-bola-mount.html	Booking.com	Elvora On The Edge - A Valley View Luxury Property	mussoorie	30.477153916523	78.0515831465549	jhingola-bola-mount	2026-10-08
https://www.booking.com/hotel/in/queen-bliss-homestay.html	Booking.com	New Tourist Homestay	mussoorie	30.4552778342648	78.0811453941803	new-tourist-homestay	2026-10-08
https://www.booking.com/hotel/in/streem-hill-view-resort.html	Booking.com	Mokshada Hotel & Resort A Premium Property Near Jaypee	mussoorie	30.437762964887437	78.08560850640234	resort-streem-hill-view	2026-10-08
https://www.booking.com/hotel/in/royal-orchid-fort-resort-mussoorie.html	Booking.com	Fort Resorts Mussoorie	mussoorie	30.4487910747801	78.0859149131509	royal-classic-residency	2026-10-08
https://www.booking.com/hotel/in/sukoon-luxury-apartments.html	Booking.com	Sukoon Luxury Apartments	mussoorie	30.452046	78.0562107	sukoon-luxury-apartments-1	2026-10-08
https://www.booking.com/hotel/in/cozykey-dehradun.html	Booking.com	Hotel CozyKey Rajpur Road	dehradun	30.381520630166094	78.08758620396387	jrj	2026-10-08
https://www.booking.com/hotel/in/hyatt-regency-dehradun.html	Booking.com	Hyatt Regency Dehradun Resort and Spa	mussoorie	30.396	78.0795	jrj	2026-10-08
https://www.booking.com/hotel/in/jsr-continental-dehradun1.html	Booking.com	Hotel JSR Continental	dehradun	30.294481	78.058002	jrj	2026-10-08
https://www.booking.com/hotel/in/hyatt-centric-rajpur-road-dehradun.html	Booking.com	Hyatt Centric Rajpur Road Dehradun	dehradun	30.3653263539124	78.0701968073844	jrj	2026-10-08
https://www.booking.com/hotel/in/2-rooms-with-large-baramda.html	Booking.com	2 rooms with Large Baramda	dehradun	30.3386643297446	77.9449206073691	2-rooms-with-large-baramda	2026-10-08
https://www.booking.com/hotel/in/aura-rooms-a-unit-of-khuranabek-foods-pvt-ltd.html	Booking.com	Aura Rooms	dehradun	30.3648692191157	78.06994938812781	2-rooms-with-large-baramda	2026-10-08
https://www.booking.com/hotel/in/dorm-hub-dehradun1.html	Booking.com	Dorm Hub	dehradun	30.355226911117	78.082490314679	2-rooms-with-large-baramda	2026-10-08
https://www.booking.com/hotel/in/regenta-dehradun-by-royal-orchid-hotels.html	Booking.com	Regenta Dehradun by Royal Orchid Hotels Limited	dehradun	30.277186110993235	77.98938872232054	jrj	2026-10-08
https://www.booking.com/hotel/in/saffronstays-paradise-pines-dehradun.html	Booking.com	SaffronStays Paradise Pines, Dehradun - cliff villa with valley & forest views	dehradun	30.374754325045	78.109319574899	2-rooms-with-large-baramda	2026-10-08
https://www.booking.com/hotel/in/oyo-rooms-railway-station-raja-road-2.html	Booking.com	Super Townhouse Prince Chowk Near Railway Station Formerly Hotel Kolam	dehradun	30.317	78.037	2-rooms-with-large-baramda	2026-10-08
https://www.booking.com/hotel/in/collection-o-tons-riverview-jhajra-dehradun-formerly-atithi.html	Booking.com	Collection O Tons Riverview Jhajra Dehradun Formerly Atithi	dehradun	30.335667	77.95276	collection-o-tons-riverview-jhajra-formerly-atithi	2026-10-08
https://www.booking.com/hotel/in/amar-uttarakhand.html	Booking.com	Hotel Amar	mussoorie	30.4558536395442	78.0800496782112	amar-1	2026-10-08
https://www.booking.com/hotel/in/spot-on-shiva-palace.html	Booking.com	SPOT ON Hotel Shiva Palace	dehradun	30.3165	78.03689	spot-on-shiva-palace	2026-10-08
https://www.booking.com/hotel/in/shiva-palace-dehradun.html	Booking.com	Hotel Shiva Palace	dehradun	30.3166058	78.0370515	spot-on-shiva-palace	2026-10-08
https://www.booking.com/hotel/in/saffron-leaf.html	Booking.com	Hotel Saffron Leaf	dehradun	30.310788613032457	78.00878642192083	saffron-leaf	2026-10-08
https://www.booking.com/hotel/in/oak-hill-cottage.html	Booking.com	Oak Hill Cottage	mussoorie	30.4574989456535	78.0956555183479	kusum-kunj-hill-cottage	2026-10-08
https://www.booking.com/hotel/in/mantra-one-2-bed-apartment-with-private-terrace.html	Booking.com	Mantra One - 2 bed apartment with private terrace	dehradun	30.2481517669113	78.0958295052209	apt-mantra-one-2-bed-with-private-terrace	2026-10-08
https://www.booking.com/hotel/in/jonam-cottage.html	Booking.com	Oak Hill Cottage, in a wooded area valley view near Bakehouse and Chaar Dukaan	mussoorie	30.457481687411	78.095638699039	kusum-kunj-hill-cottage	2026-10-08
https://www.booking.com/hotel/in/veenu-quot-s-cottage.html	Booking.com	VEENU'S COTTAGE-views heater bonfire barbeque wifi MUSSOORIE	mussoorie	30.443686202610476	78.1645422385212	kusum-kunj-hill-cottage	2026-10-08
https://www.booking.com/hotel/in/mayvilas-dehradun.html	Booking.com	Townhouse Oak Rajpur Road Dehradun Formerly Mayvillas	dehradun	30.346507	78.063083	super-townhouse-oak-clock-tower-formerly-ambassador	2026-10-08
https://www.oyorooms.com/7891/	OYO	OYO 4828 Osho Resorts Deluxe	dehradun	30.348535	78.061804	osho-resorts	2026-10-08
https://www.oyorooms.com/13483/	OYO	OYO 8141 Osho Resorts Suites	dehradun	30.347225	78.061793	osho-resorts	2026-10-08
https://www.oyorooms.com/308353/	OYO	Collection O Dehradun Yamuna Colony Crossway	dehradun	30.33381315	78.02669538	collection-o-krishna-nagar-chowk-near-ongc	2026-10-08
https://www.oyorooms.com/353764/	OYO	SPOT ON Green View Homestay 	dehradun	30.28625	78.0026667	green-view-homestay-inn	2026-10-08
https://www.booking.com/hotel/in/pop-89603-bottom-inn.html	Booking.com	Hotel O Bottom Inn Canal Road	dehradun	30.365149673495935	78.07573349818233	o-bottom	2026-10-08
https://www.booking.com/hotel/in/shiva-house-dehradun.html	Booking.com	Shiva House	dehradun	30.3070219	78.0549514	apt-shiva-house	2026-10-08
https://www.booking.com/hotel/in/govind-home-stay-dehradun.html	Booking.com	Govind home stay	dehradun	30.342904331360952	77.94582652968249	govind-home-stay-dehradun	2026-10-08
https://www.booking.com/hotel/in/doon-classic-homestay.html	Booking.com	FabHotel Doon Classic Homestay	dehradun	30.36367544351448	78.07684592763005	fabhotel-avyay	2026-10-08
https://www.booking.com/hotel/in/live-free-hostel-dehradun.html	Booking.com	Live Free Hostel Dehradun	dehradun	30.3854222	78.0730945	apt-shiva-house	2026-10-08
https://www.booking.com/hotel/in/capital-o-39680-krishna-heights.html	Booking.com	FabHotel Krishna Heights	dehradun	30.32493	78.06419	krishna-palace-248001	2026-10-08
https://www.booking.com/hotel/in/hotel-wild-wood.html	Booking.com	Hotel Wild Wood - 5 Minutes Walk to Mall Road	mussoorie	30.457395	78.075323	coral-lodge	2026-10-08
https://www.booking.com/hotel/in/luxury-couple-friendly-studio.html	Booking.com	Luxury Couple Friendly Studio	dehradun	30.356382	78.0854739	nilay-single-room-couple-friendly	2026-10-08
https://www.booking.com/hotel/in/nebula-cottage-by-quercus-oak-stays.html	Booking.com	Nebula Cottage by Quercus Oak Stays	mussoorie	30.4342160321876	78.0846020252834	nebula-cottage-by-quercus-oak-stays	2026-10-08
https://www.booking.com/hotel/in/rawat-cottage.html	Booking.com	Rawat Cottage near ISBT Dehradun	dehradun	30.302242794527125	77.9645994	rawats-homestay	2026-10-08
https://www.booking.com/hotel/in/romantic-mountain-room-for-couples-work-friendly.html	Booking.com	Romantic Mountain Room for Couples, Work Friendly	dehradun	30.3594338	78.0778298	nilay-single-room-couple-friendly	2026-10-08
https://www.booking.com/hotel/in/doon-winterline-mountain-amp-winterline-view-rooftop-apartment.html	Booking.com	Doon Winterline Mountain & Winterline View Rooftop Apartment	dehradun	30.3787862892557	78.1081157102474	apt-doon-winterline-mountain-winterline-view-rooftop	2026-10-08
https://www.booking.com/hotel/in/forest-avenue.html	Booking.com	Hotel Forest Avenue - Best Luxury Hotel in Dehradun	dehradun	30.376429556899954	78.07661533355713	forest-avenue-best-luxury-hotel-in	2026-10-08
https://www.booking.com/hotel/in/samrat-mussoorie1.html	Booking.com	Hotel Samrat - On Mall Road	mussoorie	30.454890028914917	78.07921944110453	sarash-bati	2026-10-08
https://www.booking.com/hotel/in/surwel-and-resort.html	Booking.com	Surwel Hotel and Resort	mussoorie	30.4672608825893	78.0618969291604	resort-surwel-and	2026-10-08
https://www.booking.com/hotel/in/3bhk-w-vast-valley-view-l-hillside-hideaway-by-roamhome.html	Booking.com	Mountain Whispers by VEO, StayVista - 3BHK Valley-View Villa with Lawn	mussoorie	30.44392341154256	78.08205020224266	villa-mountain-mussoorie	2026-10-08
https://www.booking.com/hotel/in/stayvista-at-arncliff-villa.html	Booking.com	Arncliff Villa by VEO, StayVista - 2BHK with Mountain View & Terrace	mussoorie	30.4533062214	78.08008485727	villa-mountain-mussoorie	2026-10-08
https://www.booking.com/hotel/in/around-stays-oslo-mussoorie-near-mall-road.html	Booking.com	Around Stays-Oslo Mussoorie, Near Mall Road	mussoorie	30.4523863	78.0846046	oslo	2026-10-08
https://www.booking.com/hotel/in/four-leaf-dehradun.html	Booking.com	Four Leaf Hotel Dehradun	dehradun	30.3684714200823	78.0795781723929	four-leaf	2026-10-08
https://www.booking.com/hotel/in/aura-by-bala.html	Booking.com	Aura by bala	dehradun	30.3817446111257	78.0489070088351	aura-by-bala	2026-10-08
https://www.booking.com/hotel/in/elegant-villa-ideal-for-shoots-retreats-families.html	Booking.com	Elegant Villa-Ideal for Shoots, Retreats, Families	dehradun	30.3113328207763	78.0019526581818	elegant-villa-ideal-for-shoots-retreats-families	2026-10-08
https://www.booking.com/hotel/in/the-solitaire-resort-by-lawrence-hotels.html	Booking.com	Lawrence Solitaire Resort, Mall road, Mussoorie	mussoorie	30.452079391963	78.084142620949	sidus-rink-a-heritage	2026-10-08
https://www.booking.com/hotel/in/capricorn-by-the-staycationer-dehradun.html	Booking.com	Capricorn by The StayCationer	dehradun	30.3873980409797	78.0476095640627	capricorn-by-the-staycationer	2026-10-08
https://www.booking.com/hotel/in/the-golden-palms-spa.html	Booking.com	Ramada by Wyndham Mussoorie Mall Road	mussoorie	30.453476183276305	78.0814728140831	sidus-rink-a-heritage	2026-10-08
https://www.booking.com/hotel/in/o-ujjawal-bhawan-formerly-anmol-residency.html	Booking.com	Hotel O Ujjawal Bhawan Formerly Anmol Residency	dehradun	30.33075	78.010056	super-o-ujjawal-bhawan-formerly-anmol-residency	2026-10-08
https://www.booking.com/hotel/in/the-cozy-homes-dehradun.html	Booking.com	The cozy homes	dehradun	30.3880138	78.0736174	hotel-dehradun-242	2026-10-08
https://www.booking.com/hotel/in/your-2nd-home-studio-haven.html	Booking.com	Your 2nd Home Studio Haven	dehradun	30.3657435	78.0777332	your-2nd-home-studio-haven	2026-10-08
https://www.booking.com/hotel/in/3-h-homestay.html	Booking.com	Hillside Heaven Homestay	mussoorie	30.45037773697358	78.07010566931572	3-h-homestay	2026-10-08
https://www.booking.com/hotel/in/effotel-by-sayaji-dehradun.html	Booking.com	Effotel By Sayaji Dehradun	dehradun	30.318353	78.012562	effotel-by-sayaji	2026-10-08
https://www.booking.com/hotel/in/the-cozy-homes-dehradun1.html	Booking.com	The cozy homes	dehradun	30.3880138	78.0736174	hotel-dehradun-242	2026-10-08
https://www.booking.com/hotel/in/valley-view-homestay-mussoorie.html	Booking.com	Hillside Heaven Homestay	mussoorie	30.45037773697358	78.07010566931572	3-h-homestay	2026-10-08
https://www.booking.com/hotel/in/the-zen-den-dehradun.html	Booking.com	The Zen-Den	dehradun	30.3601237834826	78.0898661961342	apt-the-zen-den	2026-10-08
https://www.booking.com/hotel/in/echoes-of-the-himalayas.html	Booking.com	Echoes of the Himalayas	mussoorie	30.4442528	78.1666036	3-h-homestay	2026-10-08
https://www.booking.com/hotel/in/the-happy-land-mussoorie1.html	Booking.com	The Happy Land Mussoorie	mussoorie	30.4840947002205	78.0462028564588	happy-valley	2026-10-08
https://www.booking.com/hotel/in/rokeby-manor.html	Booking.com	Rokeby Manor	mussoorie	30.4601014929929	78.09628129005432	ilbert-manor	2026-10-08
https://www.booking.com/hotel/in/the-urban-nest-it-park.html	Booking.com	The Urban Nest IT Park	dehradun	30.3646454	78.085529	apt-it-park-dehradun	2026-10-08
https://www.booking.com/hotel/in/river-side-home-stay-dehradun.html	Booking.com	River side home stay	mussoorie	30.4195599070042	77.9484064643955	river-side-home-stay-dehradun	2026-10-08
https://www.booking.com/hotel/in/paradise-by-wonderland-stayz.html	Booking.com	Paradise by Wonderland Stayz	mussoorie	30.4347719	78.0780299	paradise-by-wonderland-stayz	2026-10-08
https://www.booking.com/hotel/in/river-side-retreat-within-the-natural-surroundings-dehradun.html	Booking.com	River Side Retreat within the natural surroundings	dehradun	30.3723349	78.0103766	river-side-home-stay-dehradun	2026-10-08
https://www.booking.com/hotel/in/satyam-holiday-home-by-stayapart.html	Booking.com	Satyam Holiday Home by StayApart	dehradun	30.247332176018	78.109669885573	satyam-holiday-home-by-stayapart	2026-10-08
https://www.booking.com/hotel/in/studioz-paradise-hills.html	Booking.com	StudioZ Paradise Hills Mussoorie	mussoorie	30.448082181569763	78.07141106214947	paradise-by-wonderland-stayz	2026-10-08
https://www.booking.com/hotel/in/cherrywood.html	Booking.com	Cherrywood at Rajpur Road by Zenvana	dehradun	30.3789882212486	78.0886045838642	silkwood-at-rajpur-road-by-zenvana	2026-10-08
https://www.booking.com/hotel/in/silkwood-at-rajpur-road-by-zenvana.html	Booking.com	Silkwood at Rajpur Road by Zenvana	dehradun	30.3686200603934	78.0736400716398	silkwood-at-rajpur-road-by-zenvana	2026-10-08
https://www.booking.com/hotel/in/silkwood-by-zenvana.html	Booking.com	Hotel Silkwood By Zenvana	dehradun	30.3689226666014	78.0740675751882	silkwood-at-rajpur-road-by-zenvana	2026-10-08
https://www.booking.com/hotel/in/monte-verde.html	Booking.com	Monte Verde at Rajpu Road by Zenvana	dehradun	30.3164945	78.0321918	silkwood-at-rajpur-road-by-zenvana	2026-10-08
https://www.oyorooms.com/299027/	OYO	Super Hotel O Sahastradara Road Dehradun Formerly Kriswa Home	dehradun	30.3473881	78.0744076	o-kriswa-home	2026-10-08
https://www.oyorooms.com/2107/	OYO	OYO 1672 Hotel The Pearl	mussoorie	30.453665	78.082073	oyo-1672-the-pearl	2026-10-08
https://www.oyorooms.com/5597/	OYO	Super Collection O Pioneer	mussoorie	30.457198565347568	78.07881960645318	oyo-1672-the-pearl	2026-10-08
https://www.oyorooms.com/9294/	OYO	OYO Hotel Pacific Mussoorie	mussoorie	30.460554	78.076215	oyo-1672-the-pearl	2026-10-08
https://www.hostelworld.com/hostels/p/335801/gostops-mussoorie-clock-tower/	Hostelworld	goSTOPS Mussoorie, Clock Tower	mussoorie	30.4534774	78.0862949	gostops-clock-tower	2026-10-08
https://www.oyorooms.com/6093/	OYO	OYO Hotel 15922 Hotel Himalayan Breeze	mussoorie	30.4605506	78.0651197	oyo-15922-himalayan-breeze	2026-10-08
https://www.oyorooms.com/6145/	OYO	OYO Rooms 043 Near Library Chowk	mussoorie	30.459665	78.062899	oyo-15922-himalayan-breeze	2026-10-08
https://www.oyorooms.com/3594/	OYO	OYO Rooms 027 Himalaya View	mussoorie	30.453286	78.087568	oyo-15922-himalayan-breeze	2026-10-08
https://www.oyorooms.com/87937/	OYO	Super Hotel O Dehradun City Centre Formerly Downtown	dehradun	30.3103619	78.0292471	the-downtown-stays	2026-10-08
https://www.oyorooms.com/57548/	OYO	OYO 39066 Hotel Star View	mussoorie	30.450624	78.086085	oyo-39066-star-view	2026-10-08
https://www.oyorooms.com/107414/	OYO	OYO 76529 Brite Star	mussoorie	30.458435165099	78.0724721588194	oyo-39066-star-view	2026-10-08
