key	name	city	platform	url	page_shows	why_review
ved-tree-by-yatrimap-inn	Ved Tree Inn by Yatrimap	rishikesh	Agoda	https://www.agoda.com/ved-tree-inn-by-yatrimap/hotel/rishikesh-in.html	Hotel Paramount & Cafe by YatriMap, 301-B Tapovan	page address still says ved-tree-inn-by-yatrimap but the name changed completely; Agoda shows no map pin to confirm the location
shoolin-suites-by-delight-stay	Shoolin Suites by Delight Stay	haridwar	Agoda	https://www.agoda.com/hotel-shoolin/hotel/haridwar-in.html	SHOOLIN SUITES HARIDWAR, Bhagirathi Nagar, Bhoopatwala	same rare name and same area (Bhupatwala) but no "by Delight Stay" and no map pin on Agoda to confirm
g-ChIJj3TvhAw-CTkR_3mHb4n_8Co	Blue Nature Camping And Resorts	rishikesh	MakeMyTrip	https://www.makemytrip.com/hotels/blue_nature_camping_and_resort-details-rishikesh.html	BLUE NATURE CAMPING AND RESORT (Rishikesh Camp)	same name, but MakeMyTrip's pin (camp belt) is 12 km from Google's pin (near Rishikesh town): office address or another place?
g-ChIJXbyMc88XCTkRKlrCgcTIqzA	Pratham homestay	rishikesh	Agoda	https://www.agoda.com/prathamhomestay-h75174432/hotel/rishikesh-in.html	Prathamhomestay, Laxman Jhula, Rishikesh	Agoda writes the name as one word 'Prathamhomestay'; Agoda says Laxman Jhula, our Google pin is ~2 km north-east of it; Agoda shows no map pin to compare
g-ChIJUXvzWSw_CTkRMGtBskonJ3w	Travel and Stay Hub	rishikesh	Airbnb	https://www.airbnb.com/rooms/1516633199886415897	2BHK Flat in Rishikesh | Whispering Birds Homestay	Google's result for "Travel and Stay Hub"; pin ~25 m from ours but the names share nothing (host business vs listing name?)
g-ChIJDycAwAs-CTkRZ83a85g5E0Y	Shivoham Yoga Retreat Rishikesh - Three-Bedroom Apartment	rishikesh	Booking.com	https://www.booking.com/hotel/in/shivoham-yoga-retreat.html	Shivoham Yoga Retreat, Rishīkesh (updated prices 2027)	name matches but the pins are 3.0 km apart (review)
agk-heritage-top-rated-property-in	Shri Shyam Luxury Hotel – Top Rated Property in Haridwar	haridwar	Booking.com	https://www.booking.com/hotel/in/shree-shyam-haridwar.html	Shri Shyam Hotel, Near Harkipauri, Haridwār (updated prices 2027)	name matches but the pins are 2.4 km apart (review)
g-ChIJa0b-BwAXCTkR7oanpOq9baY	Hanging Cottage	rishikesh	MakeMyTrip	https://www.makemytrip.com/hotels/hanging_cottage_by_bull_adventure_0042-details-rishikesh.html	Hanging Cottage By Bull Adventure 0042 𝗕𝗢𝗢𝗞 Rishikesh Camp	name matches but the pins are 29.7 km apart (review)
g-ChIJv079vAQRCTkR3IeOPYYb1MA	Hotel Great River Ganga	rishikesh	MakeMyTrip	https://www.makemytrip.com/hotels/hotel_the_great_ganga-details-rishikesh.html	Hotel The Great Ganga 𝗕𝗢𝗢𝗞 Rishikesh Hotel	name matches but the pins are 7.9 km apart (review)
g-ChIJdYOgfAAZCTkR4v0C5aPDUjQ	Namami home stay	rishikesh	MakeMyTrip	https://www.makemytrip.com/hotels/namami_tapovan-details-rishikesh.html	Namami Tapovan 𝗕𝗢𝗢𝗞 Rishikesh Homestay	name matches but the pins are 10.2 km apart (review)
g-ChIJ5xViGDxJCTkRQLjTlbazQ84	Hotels The Room By Hotel Anand (near to railway station)	haridwar	MakeMyTrip	https://www.makemytrip.com/hotels/hotel_anand_haridwar-details-haridwar.html	Hotel ANAND, HARIDWAR 𝗕𝗢𝗢𝗞 Haridwar Hotel	name matches but the pins are 6.5 km apart (review)
g-ChIJcfSVaoo-CTkRtHSB7NG2yQ8	The carnation mound	rishikesh	Agoda	https://www.agoda.com/the-carnation-mound/hotel/rishikesh-in.html	The carnation mound (Agoda, filed under Rishikesh)	Agoda and Trip.com file it under Rishikesh, but Booking.com and MakeMyTrip pin 'The Carnation Mound' in Haldwani (~200 km); our Google pin is in Rishikesh: same owner, or a wrong label?
g-ChIJC2rA8T0-CTkRdyetvhG7Yq8	Radha Krishna Homestay - Two-Bedroom Apartment	rishikesh	MakeMyTrip	https://www.makemytrip.com/hotels/radha_krishna_homestay_1_bhk_apartment-details-rishikesh.html	Radha Krishna Homestay 1 BHK Apartment 𝗕𝗢𝗢𝗞 Rishikesh Apartment	our listing is the two-bedroom apartment, the MakeMyTrip page is the 1 BHK apartment of 'Radha Krishna Homestay': another unit?
g-ChIJn2KdxBcWCTkRPMetESOm-NY	Krishna Kunj Homestay Rishikesh. A Family Friendly Homestay at Best Price	rishikesh	Booking.com	https://www.booking.com/hotel/in/krishna-kunj-homestay-rishikesh.html	Krishna Kunj Homestay Rishikesh (Booking pin 30.11174, 78.30626, Street 20 Ward no 3, Shisham Jhari)	same name as Krishna Kunj Homestay (krishna-kunj-homestay), which already has this Booking page; Google pin 825 m from the Booking pin: probably a second pin of the same place
g-ChIJgcViwxcWCTkRig3imJxUueo	Krishna Kunj Homestay Rishikesh. A Family Friendly Homestay at Best Price	rishikesh	Booking.com	https://www.booking.com/hotel/in/krishna-kunj-homestay-rishikesh.html	Krishna Kunj Homestay Rishikesh (Booking pin 30.11174, 78.30626, Street 20 Ward no 3, Shisham Jhari)	same name as Krishna Kunj Homestay (krishna-kunj-homestay), which already has this Booking page; Google pin 683 m from the Booking pin: probably a second pin of the same place
g-ChIJH8s5MwAXCTkRkyiRSyBbzqc	Amigos Homestay	rishikesh	Goibibo	https://www.goibibo.com/hotels/amigo-rooms-hotel-in-rishikesh-7918567541089187019/	Amigo Rooms Homestay Rishikesh - Reviews, Photos & Offer	similar name in every word (shared [amigos]) but no map pin or address on the page to confirm it
the-pacific-paradise	Hotel the Pacific Paradise	haridwar	MakeMyTrip	https://www.makemytrip.com/hotels/hotel_pacific-details-haridwar.html	Sitara Economy The Pacific, Motichur Haridwar, Bhupatwala Gaytri Vihar near Shantikunj, map pin 29.991846,78.18775	MMT pin is 12 m from our pin 29.991853,78.187626, same Sitara group (Google panel for Hotel The Pacific Paradise links sitarahotels.com); the Booking.com listing named Hotel The Pacific Paradise Opposite Shantikunj (id 14637496, slug sitara-premium) is closed; page is already used by sitara-economy-the-pacific so these are likely duplicate directory entries
shivaay	Hotel Shivaay	haridwar	Agoda	https://www.agoda.com/hotel-shivaay/hotel/haridwar-in.html	Hotel Shivaay | Opp. Tayal Dharamshala, Dhudhadhari Chowk, Bhupatwala, Haridwar- Dehradun Road, Haridwar, Uttarakhand, Motichur, Haridwar, India, 249410	similar name in every word (shared [shivaay]) but no map pin or address on the page to confirm it
royal-respite-best-awarded-property-in-with-open	Hotel Rishikesh Paradise – Best Stay in Tapovan, Guests Favourite, Travellers Delight !!	rishikesh	MakeMyTrip	https://www.makemytrip.com/hotels/hotel_rishikesh_paradise_most_selling_property-details-rishikesh.html	Hotel Rishikesh Paradise - most selling property, Tapovan Rishikesh, first left from Burger King next to Jiva yoga school, map pin 30.1339,78.32577	same hotel name Hotel Rishikesh Paradise and MMT pin is about 5 m from our pin 30.133932,78.325672; refused only because must_match holds our name's marketing tagline words (guests favourite travellers delight); the Booking.com page with our exact title (slug secret-valley-resort) now redirects to the city list
g-ChIJQ_H8fu09CTkRVYdHZPfDQN0	Baidehi Cottage - Peaceful nature cottage retreat	rishikesh	Expedia	https://www.expedia.com/Rishikesh-Hotels-Baidehi-Cottage-Peaceful-Nature-Cottage-Retreat.h126329563.Hotel-Information	Baidehi Cottage - Peaceful nature cottage retreat Reviews, Deals & Photos 2026 - Expedia.com	similar name in every word (shared [baidehi,nature]) but no map pin or address on the page to confirm it
g-ChIJM9pWqu0XCTkRwJcnX1tF9_g	Riverside beach	rishikesh	Booking.com	https://www.booking.com/hotel/in/nirvana-riverside-resort.html	Nirvana Riverside Resort, Rishīkesh (updated prices 2027)	same name as Nirvana Riverside Resort, which has this page; pins 974 m apart
g-ChIJ280CVwBHCTkR4MEBrSKuvM0	Hotel RK Residancy	haridwar	Agoda	https://www.agoda.com/hotel-rk-residency/hotel/mussoorie-in.html	Best Price on Hotel RK Residency in Rishikesh + Reviews!	similar name in every word (shared [rk,residancy]) but no map pin or address on the page to confirm it
nature-care-village-rajaji-national-park	Nature Care Village Farmstay – Rajaji National Park	rishikesh	Trip.com	https://www.trip.com/hotels/dehradun-hotel-detail-9471090/nature-care-village-farmstay-rajaji-national-park/	Nature Care Village Farmstay- Rajaji National Park (Dehradun) - 2026 Prices, Reviews & Deals | Trip.com	similar name in every word (shared [nature,care,village,farmstay,rajaji,national,park]) but no map pin or address on the page to confirm it
mirana-house-a-tasteful-4bhk-condo-with-views	Mirana House – Tasteful, 4BHK Condo near Ram Jhula	rishikesh	Agoda	https://www.agoda.com/mh-a-tasteful-river-mountain-view-4bhk-condo-h46633064/hotel/rishikesh-in.html	Mirana House - Tasteful, 4BHK Condo near Ram Jhula | Ganga Vatika Retreat, Ganga Vatika, Rishikesh, India, 249137	similar name in every word (shared [mirana,tasteful,condo]) but no map pin or address on the page to confirm it
soul-haven-on-main	Soul Haven on Main Hotel	rishikesh	Agoda	https://www.agoda.com/soul-haven-on-main/hotel/rishikesh-in.html	Soul haven on Main | Laxman Jhula Road, Tapovan, Rishikesh, India, 249192	similar name in every word (shared [soul,haven]) but no map pin or address on the page to confirm it
shiva-palace-at-mayapur-road	Hotel Shiva Palace near Railway Station and Bus Stand	haridwar	Booking.com	https://www.booking.com/hotel/in/shiva-international-at-mayapur-road-haridwar.html	Hotel Shiva palace near railway station and bus stand | pin 29.9444628749287,78.1561126347719 | Opposite uttrakand irrigational department , mayapur road haridwar, 249401	This page is THIS stay: map pin 0 m from ours and the address is word for word our source address (Opposite Uttrakand Irrigational Department, Mayapur Road), same full name. It is currently held by hotel-haridwar-139 (Hotel Shiva Palace Haridwar, source address Mayapur Road Near Shivmurti, pin 29.944614,78.15632) which is probably a different Booking listing of the same hotel; owner to decide which key keeps it. Agoda HOTEL SHIVA PALACE HARIDWAR h21790632 (pin 22 m) is held by shiva-palace-best-stay-hotel
g-ChIJwylvATARCTkRAW3tSJo9u6U	Beach Camp Shivpuri Rishikesh	rishikesh	Booking.com	https://www.booking.com/hotel/in/shivpuri-hills-camp-badal.html	Shivpuri Hills Camp, Shivpuri (updated prices 2027)	same name as Shivpuri hills camps, which has this page; pins 1514 m apart
oyo-35366-shiv-murti	OYO 35366 Hotel Shiv Murti	haridwar	Agoda	https://www.agoda.com/oyo-11858-hotel-shiv-murti-grand-h8836421/hotel/haridwar-in.html	page shows "Best Price on OYO 11858 Hotel Shiv Murti Grand in Haridwar + Reviews!"; name matches in every word [shiv,murti] and the page names its town (haridwar) (re-judged from review.tsv)	second check: Agoda page is OYO 11858 Hotel Shiv Murti Grand: a different OYO number, and Shiv Murti Grand is a separate stay in our list
treebo-tropical-roots-bhupatwala	Treebo Royal Mirage, Bhoopatwala Hotel	haridwar	Agoda	https://www.agoda.com/treebo-trend-tropical-roots/hotel/mussoorie-in.html	page shows "Hotel Royal Mirage, Bhoopatwala | Behind Rasoi Dhaba, Plot No-26, Sharadha Puram Colony, Near Doodhadhari Barfani Ashram, Motichur, Haridwar, India, 249410"; name matches in every word [royal,mirage,bhoopatwala] and the page names its town (haridwar) (re-judged from review.tsv)	second check: the saved Agoda link is treebo-trend-tropical-roots in Mussoorie, not the Royal Mirage page the review text describes
hotel-rishikesh-84	Cohost Laxman Jhula Regency Resort	rishikesh	agoda	https://www.agoda.com/en-in/laxman-jhula-regency/hotel/rishikesh-in.html	Hotel Laxman Jhula Regency, Plot No. 1, Near Post Office, Laxman Jhula, Rishikesh 249302	Our source page (hotel-rishikesh-84.uttarakhand-hotels.com) gives Cohost Laxman Jhula Regency Resort the same address Plot No.1, Near Post Office Laxman Jhula 249302; Cohost is a management-brand prefix not used on Agoda. A second Agoda listing hotel-laxmanjhula-residency shows the same address. Booking.com slug laxman-jhula-regency is closed.
g-ChIJd8chXOdJCTkRNpxduvlndRo	Rosewood Apartment Hotel - SIDCUL Haridwar	haridwar	Booking.com	https://www.booking.com/hotel/in/rosewood-apartment-haridwar.html	Rosewood Apartment Hotel - Haridwar, Haridwār (updated prices 2027)	same name as Rosewood Apartment Hotel, which has this page; pins 1804 m apart
hotel-rishikesh-42	Shantimakaan – Price Include Accomodation & Panchakarma and Yoga	rishikesh	makemytrip	https://www.makemytrip.com/hotels/shanti_makaan_wellness_center-details-rishikesh.html	Shanti Makaan Wellness center, map pin 30.122044,78.32159	MMT map pin equals our pin 30.12204,78.32159 exactly; Shantimakaan = Shanti Makaan (space), the rest of our name is marketing text (Price Include Accomodation & Panchakarma and Yoga). Same place also on Agoda: agoda.com/shanti-makaan-wellness-center/hotel/rishikesh-in.html (Jonk-Swargashram 249304).
around-stays-hotel-foothills-tapaovan	Around Stays – Comfort, Tapovan	rishikesh	Booking.com	https://www.booking.com/hotel/in/around-stays-mystara-hotels.html	Around Stays, Tapovan, Rishikesh, Rishīkesh (updated prices 2027)	similar name (shared [around]), map pin 306 m from this stay
divya	Hotel Divya	rishikesh	MakeMyTrip	https://www.makemytrip.com/hotels/hotel_divya-details-rishikesh.html	Hotel Divya, Near Taxi Stand, Laxam Jhula Area, Rishikesh-249302, pin 30.1257,78.3310 (same listing on Goibibo divya-hotel-in-rishikesh-3794193547997696848)	Our crawl address is Near Taxi Stand Laxman Jhula, same as the page; our pin 30.1028,78.2944 is a bad geocode 4.3 km off near Triveni Ghat. Note directory stay divya-249302 Divya Hotel near Vintage India Taxi Stand pin 30.1247,78.3312 sits 120 m from this page pin, so the two directory entries are likely one hotel
ima-ganga-aesthetic-quite-mountain-view-rooms-rishikesh	Ima Ganga Hotel – Aesthetic, Quite Mountain View Rooms with Netflix, Free Airport Pickup for 7 Or More Nights Booking, Elevator and Backup in Upper Tapovan	rishikesh	Booking.com	https://www.booking.com/hotel/in/imaganga.html	Ima Ganga Hotel - Aesthetic, Quite Mountain View Rooms In Upper Tapovan with netflix, free airport pickup for 7 or more nights booking; 60 Balaknath Road opp MVT cafe, Upper Tapovan 249137; pin 30.13041,78.32267	Same property: Booking.com has only one Ima Ganga listing (site:booking.com Ima Ganga), pin about 80 m from ours, our name is an older wording of the same Booking.com title; this key is a directory duplicate of ima-ganga-aesthetic-quite-mountain-view-rooms-249137 which already holds this page (Agoda ima-ganga-hotel is held by g-ChIJZe0qTGYXCTkRKH5i--XiuWw)
treepie-resorts	Treepie Resorts	rishikesh	Booking.com	https://www.booking.com/hotel/in/treepie-river-resort-by-live-inn-hotels-rishikesh.html	Treepie River Resort By Live Inn Hotels, Treepie Riverside Resort Rishikesh 249304, pin 30.109686,78.379937 (also MMT tree_pie_resort-details-rishikesh: Ratta Paani, Neelkanth Road, pin 30.10971,78.37995)	Same place: pin 10 m from ours and our crawl address Rattapani, Neelkanth Temple Rd. This page is already linked to directory stay resort-treepie-river-by-live-hotels (same pin 30.109686,78.379937), so treepie-resorts is a duplicate directory entry of that stay: merge or hide one rather than linking both
house-spot-on-38315-bhagirathi	Spot on 38315 Bhagirathi Guest House	haridwar	Booking.com	https://www.booking.com/hotel/in/bhagirathi-by-atishay.html	Bhagirathi By Atishay, Haridwār (updated prices 2027)	same name as Bhagirathi by Atishay Hotel, which has this page; pins 439 m apart
hariom-vidya-stays-at	Hariom Vidya Stays at Rishikesh	rishikesh	Agoda	https://www.agoda.com/hariom-stay-rishikesh/hotel/rishikesh-in.html	page shows "Hariom Stay Rishikesh", address "Upper Tapovan, Tapovan, Rishikesh, India, 249192"; similar name (shared [hariom]), map pin 125 m from this stay	second check: Agoda page is Hariom Stay Rishikesh, pin 30.131327,78.321167 = our separate stay hariom-stay (lid 465, already on Booking hariom-stay-rishikesh), not Hariom Vidya Stays (3-star at Hariom Yoga Vidya School)
g-ChIJh9QuqDMXCTkRaJKpBL9lM9U	RishikeshStay	rishikesh	Booking.com	https://www.booking.com/hotel/in/rishikesh-home-stay-rishikesh6.html	Rishikesh Home stay, Rishīkesh (updated prices 2027)	similar name (shared [rishikeshstay]), map pin 307 m from this stay
the-reo-palace	Hotel the Reo Palace	haridwar	MakeMyTrip	https://www.makemytrip.com/hotels/the_hotel_rio-details-haridwar.html	The Hotel Rio, Maharaja Agrasen Chowk, Shikhu Pur, Devpura, Haridwar; map pin 29.94215,78.147354	Same place: pin 7 m from ours and the same address (Hotel The Reo, near Railway Station, Maharaja Agarsen Chowk); Reo and Rio are the same hotel spelt two ways (Trivago lists The Reo Palace Near Railway Station at Devpura Chowk, Tripadvisor/Agoda/MMT call it Hotel The Rio); its own Booking.com page reo-palace (id 9160884) is closed. The Reo Twist, Reo Classic and The Reo Lodge in our directory sit on the same pin. Second hand check 2026-10-05: Booking.com now has Hotel Rio Haridwar at booking.com/hotel/in/r-resort-haridwar.html (id 16761399, found via Booking autocomplete for Rio Haridwar), pin 29.94229,78.14769 about 35 m from ours, address Shikhu Pur 249401; the name rule refuses Rio for Reo Palace, and that pin is nearest The Reo Lodge (10 m), so which of the four Reo listings it is needs the owner
4-you-with-open-rooftop-cafe	Hotel 4 You – With Open Rooftop Cafe	rishikesh	Goibibo	https://www.goibibo.com/hotels/v4y-hotels-and-resorts-hotel-in-rishikesh-202603271557212702/	V4Y Hotel 4U Tapovan Rishikesh, Yoga Street, Badrinath Marg, Tapovan, Rishikesh 249201, map pin 30.131378,78.32534	Hotel 4 You is now Hotel 4U by V4Y (4U = 4 You): the Goibibo map pin is 8 m from our pin 30.131432,78.325401; Google Maps lists V4Y Hotel 4U Tapovan and FabHotel 4 U Rishikesh (hotel4urishikesh.com) on the same spot, and Hotels.com/Expedia/Facebook describe its rooftop terrace restaurant (our name: With Open Rooftop Cafe). Same property also on Trip.com rishikesh-hotel-detail-133949698, Hotels.com ho4096784640, Expedia h127993270; not on Booking.com any more
siya-ram-by-dp-hotels	Hotel Siya Ram by Dp Hotels	haridwar	Agoda	https://www.agoda.com/hotel-siya-ram-by-dp-hotels/hotel/haridwar-in.html	page shows "Hotel Siya Ram Haridwar", address "Karnprayag - Haridwar Road, Hotel Siya Ram By DP Hotels, Motichur, Haridwar, India, 249411"; name matches in every word [siya,dp] and the page names its town (haridwar)	second check: Agoda page sits ~2 km from our Bhupatwala pin: its landmarks (Ganga Mata Eye Hospital 520 m) place it at Shantikunj/Motichur, matching our separate stay siya-ram-by-akc-hotels (Booking pin 29.99164,78.18838), not this one
g-ChIJp9vrgVlHCTkRNpyTVq8ac4s	Jammu Yatri Bhawan, Haridwar	haridwar	Agoda	https://www.agoda.com/hotel-ranbir-yatri-bhawan/hotel/jammu-in.html	Best Price on Hotel Ranbir Yatri Bhawan in Jammu + Reviews!	similar name in every word (shared [jammu,yatri,bhawan]) but no map pin or address on the page to confirm it
kothli-hills	Kothli Hills Hotel	rishikesh	agoda	https://www.agoda.com/kothli-hills/hotel/mussoorie-in.html	Kothli Hills - Rishikesh, Kothali, Kakhoor, Uttarakhand 249175, Narendra Nagar	Same name; Agoda files it under Mussoorie in the URL but its address says Rishikesh, Kothali, Kakhoor, Narendra Nagar 249175; the hotel's uttarakhand-hotels.com partner page (same Agoda/Booking feed) gives pin 30.161796,78.342598, exactly our pin
g-ChIJJSWH-NslCTkR4bg2UKR_NA8	Utsav Hotel	rishikesh	Goibibo	https://www.goibibo.com/hotels/utsav-nearby-jollygrant-airport-hotel-in-dehradun-4535938304678960873/	Utsav Hotel | Nearby Jollygrant Airport, address Main Highway, Bhaniyawala, kandarwala, Dehradun 248140, pin 30.184235,78.14434	Google Maps listing of this exact place (cid 1095640953055000801) lists Goibibo as its booking partner and the link lands on this hotel; address matches ours word for word (Main Highway, Bhaniyawala Kandarwala, 248140); only Goibibo's own map pin is 2.3 km off
g-ChIJhXgziJsTCTkRqEqZQte9Jw8	Mornis Camp and Resort	rishikesh	Agoda	https://www.agoda.com/mornis-camp-and-resort/hotel/rishikesh-in.html	Mornis Camp and Resort, Mohanchatti Phoolchatti Rishikesh, Shivpuri, 249201	Same name and same village (Mohan Chatti); Google Maps place is a duplicate of directory stay resort-mornis-camp-and, which already holds this Agoda page; only booking page found on Google (no Booking.com/MMT/Goibibo/Expedia/Trip.com listing)
aarogya-residency	Nouse Hotel	rishikesh	goibibo	https://www.goibibo.com/hotels/aarogya-residency-rishikesh-hotel-in-rishikesh-3788346677159147909/	Aarogya Residency Rishikesh, Makan No 4, Badrinath Road, Inside Deccon Valley Tapovan	Our stay key is the Booking.com slug aarogya-residency (now shows as Nouse Hotel, Tapovan, and that Booking page is closed: redirects to Rishikesh list hlrd=14), so Nouse = the renamed Aarogya Residency. Google Maps Aarogya Residency: Plot 4-a inside Deecon Valley Tapovan 249192, plus code 48MC+58 (about 30.1329,78.3208, ~370 m from our pin 30.1302,78.3231). Same name and Tapovan location; pins differ a few hundred m, so owner please confirm. Also on MMT: makemytrip.com/hotels/aarogya_residency_rishikesh-details-rishikesh.html
g-ChIJ21XOlgRHCTkRoCxu__bbbEk	HOTEL MAHALAKSHMI, NEAR MANSA DEVI WAYGATE, UPPER ROAD, HARIDWAR 249401, UTTARAKHAND	haridwar	Agoda	https://www.agoda.com/hotel-mahalakshmi-residency/hotel/kollur-in.html	Hotel Mahalakshmi Residency | Kollur 2020 UPDATED DEALS, HD Photos & Reviews	similar name in every word (shared [mahalakshmi]) but no map pin or address on the page to confirm it
tribe-aqua-a-nature-retreat-above-neer-waterfall	Tribe Aqua A Nature Retreat Above Neer Waterfall Hotel	rishikesh	goibibo	https://www.goibibo.com/hotels/tribe-aqua-rishikesh-hotel-in-rishikesh-7780836099429651002/	Tribe Aqua-Rishikesh (camp), Village Neer, Tribe Aqua, above Neergarh Waterfall, Garh waterfall road, Rishikesh 249137, pin 30.140984,78.34537	Unique brand name Tribe Aqua and the address says above Neergarh Waterfall, Village Neer = our name Tribe Aqua A Nature Retreat Above Neer Waterfall; only the marketing tail is missing from the page title. Pin ~1 km from ours but in the same Neer Garh valley; our Booking.com slug tribe-aqua-a-nature-retreat-above-neer-waterfall now returns Page not found. Same listing on MMT: makemytrip.com/hotels/tribe_aqua_rishikesh-details-rishikesh.html
g-ChIJa-t28BtHCTkRjNrmaAtx7vM	Hotel Radhe Kunj	haridwar	Agoda	https://www.agoda.com/shri-radha-kunj/hotel/vrindavan-in.html	SHRI RADHA KUNJ Hotel (Vrindavan) - Deals, Photos & Reviews	similar name in every word (shared [radhe,kunj]) but no map pin or address on the page to confirm it
dharohar-homestay-by-yatrimap	Dharohar Homestay by Yatrimap	rishikesh	Booking.com	https://www.booking.com/hotel/in/oyo-homestay-dharohar.html	Hotel O Dharohar, Rishīkesh (updated prices 2027)	same name as Hotel O Dharohar, which has this page; pins 785 m apart
g-ChIJ22XhmD8WCTkRc0t8JwqfGe8	Mitra Niwas Guest House	rishikesh	Booking.com	https://www.booking.com/hotel/in/kamlkash-niwas-homestay.html	Kamlkash niwas homestay, Rishīkesh (updated prices 2027)	same name as Kamlkash Niwas Homestay, which has this page; pins 1230 m apart
g-ChIJd4f_ckMVCTkRcrThJu-lI9Y	H7 Stay	rishikesh	Booking.com	https://www.booking.com/hotel/in/h7-stay-tapovan.html	H7 Stay Tapovan, Rishīkesh (updated prices 2027)	name fits but the page's map pin 7.1 km from this stay
blissful-stays-midsts-nature	Blissful Stays Midsts Nature	rishikesh	MakeMyTrip	https://www.makemytrip.com/hotels/blissful_stays_midst_nature-details-rishikesh.html	Blissful stays midst nature 𝗕𝗢𝗢𝗞 Rishikesh Homestay	same name as Blissful Stays Midst Nature, which has this page; pins 402 m apart
khushi-wedding-banquet-garden	Hotel Khushi & Wedding Banquet Garden	rishikesh	makemytrip	https://www.makemytrip.com/hotels/hotel_khushi-details-rishikesh.html	Hotel Khushi, AIIMS road near Virbhadhara temple Rishikesh, Nirmal Bag; pin 30.064848,78.276985	Same hotel under its short name: our listing (Booking feed mirror) is Virpur Khurd, Veerbhadra Mandir Road near Seema Dental College and AIIMS; MMT shows AIIMS road near Virbhadra temple, pin about 0.5 km from ours; Justdial and WeddingWire list Hotel Khushi and Wedding Banquet Garden at the same Virbhadra spot, the banquet garden is part of the hotel
g-ChIJv2zDukxHCTkRVeinCgc6qC4	Hotel Deep Ganga	haridwar	EaseMyTrip	https://www.easemytrip.com/hotels/hotel-gagan-deep-1491823/	Hotel Gagan Deep Haridwar: Reviews, Price, Photos, Address	same name as HOTEL GAGAN DEEP, which has this page; pins 1050 m apart
tapovan-stay-near-ganga-cafes-by-jabula-getaways	Tapovan Stay near Ganga & Cafes by Jabula Getaways	rishikesh	Booking.com	https://www.booking.com/hotel/in/zuna-stayz-tapovan-rishikesh.html	Zuna Stayz Tapovan Rishikesh, Rishīkesh (updated prices 2027)	same name as Zuna Stayz Tapovan, which has this page; pins 575 m apart
resort-tapovan-rishikesh	Tapovan Resort	rishikesh	Booking.com	https://www.booking.com/hotel/in/lemon-tree-tapovan-rishikesh.html	Lemon Tree Hotel, Tapovan Rishikesh, Rishīkesh (updated prices 2027)	same name as Lemon Tree Hotel, Tapovan, which has this page; pins 489 m apart
g-ChIJNeCrLSMXCTkRxmkjzaMy8XU	Madhav Home stay	rishikesh	Booking.com	https://www.booking.com/hotel/in/madhvm-by-the-ganges-rishikesh.html	MadhvM By the Ganges, Rishīkesh (updated prices 2027)	same name as Madhvm by the Ganges, which has this page; pins 1351 m apart
g-ChIJ3Y3YXlJGCTkRPx1GCNK612k	Kamboj Bunga	haridwar	Booking.com	https://www.booking.com/hotel/in/ganga-kinare-haridwar.html	Ganga Exotica, Haridwār (updated prices 2027)	same name as Goroomgo Ganga Exotica Haridwar – Prime Location – Ganga River View Point – Luxury and Spacious Room – Best Hotel in Haridwar, which has this page; pins 951 m apart
g-ChIJz6PtGvo_CTkRmWkAkjuC4ig	Devbhoomi Residency	rishikesh	Agoda	https://www.agoda.com/devbhumi-residency/hotel/rishikesh-in.html	Best Price on DEVBHUMI RESIDENCY in Rishikesh + Reviews!	similar name in every word (shared [devbhoomi,residency]) but no map pin or address on the page to confirm it
g-ChIJ1RwcJQ9FCTkR7VjZFpELxJg	Shri Ganga Dhaam	haridwar	Expedia	https://www.expedia.co.in/Haridwar-Hotels-Shri-Bhagwan-Gopi-Dham-Dharmsala.h115372442.Hotel-Information	Shri Bhagwan Gopi Dham Dharmsala Reviews, Deals & Photos 2026 - Expedia	similar name in every word (shared [shri,dhaam]) but no map pin or address on the page to confirm it
hotel-rishikesh-132	Hotel Yamnotri Retreat	rishikesh	Booking.com	https://www.booking.com/hotel/in/yamunotri-retreat-rishikesh.html	Hotel Yamunotri Retreat, Rishikesh, Rishīkesh (updated prices 2027)	same name as Hotel Yamunotri Retreat, which has this page; pins 257 m apart
g-ChIJK8rXPQBFCTkRSBE6qTB1PJs	Hotel Grand Lalit	haridwar	Agoda	https://www.agoda.com/the-lalit-grand-palace-srinagar-hotel/hotel/srinagar-in.html	The LaLiT Grand Palace Srinagar Hotel | Srinagar 2020 UPDATED DEALS, HD Photos & Reviews	similar name in every word (shared [grand,lalit]) but no map pin or address on the page to confirm it
relax-ganga-rishikesh	Hotel Relax Inn Ganga – 100M From Ganga Ghat	rishikesh	Booking.com	https://www.booking.com/hotel/in/relax-inn-rishikesh.html	Revking--Hotel Relax Inn-Stay By The Ganga At Triveni Ghat 3-star hotel l Sturida Colony, Rishikesh, Rishīkesh (updated prices 2027)	similar name (shared [relax]), map pin 448 m from this stay
g-ChIJhe3MgAw-CTkRuwYTZauTu2U	RASA-The Ganges Rishikesh Ganga Bhumi Apartment	rishikesh	Booking.com	https://www.booking.com/hotel/in/rasa-the-ganges-rishikesh-rishikesh1.html	RASA - The Ganges Rishikesh, Ganga Bhumi Apartment, Rishīkesh (updated prices 2027)	name fits but the page's map pin 3.0 km from this stay
g-ChIJt_koWNkXCTkRiA4lBjW6KFY	Tapovan Swiss Camp	rishikesh	Booking.com	https://www.booking.com/hotel/in/hill-top-swiss-cottage.html	Hill Top Swiss Cottage, Rishīkesh (updated prices 2027)	same name as Hill Top Swiss Cottage, which has this page; pins 1351 m apart
g-ChIJjQsDOUQXCTkRNBqYGk5ySfE	Atithi Home Stay Rishikesh	rishikesh	MakeMyTrip	https://www.makemytrip.com/hotels/atithi_homestay-details-kanatal.html	https://www.makemytrip.com/hotels/atithi_homestay-details-kanatal.html - Error	similar name in every word (shared [atithi]) but no map pin or address on the page to confirm it
g-ChIJNS9RaEtLCTkRy8W9_GcEk4g	Sanchi Homestay hotel	haridwar	MakeMyTrip	https://www.makemytrip.com/hotels/satdara_homestay-details-sanchi.html	https://www.makemytrip.com/hotels/satdara_homestay-details-sanchi.html - Error	similar name in every word (shared [sanchi]) but no map pin or address on the page to confirm it
g-ChIJHXGvgbQRCTkR066Q8cc3r54	Brothers resort	rishikesh	Agoda	https://www.agoda.com/ns-brothers-farm-resort/hotel/kolad-in.html	NS Brothers Farm & Resort, Kolad, India - Photos, Room Rates & Promotions	similar name in every word (shared [brothers]) but no map pin or address on the page to confirm it
g-ChIJsS2jpapHCTkRBAQyhmdKN6k	Smiley Hotels and Resorts	haridwar	Agoda	https://www.agoda.com/smiley-resort/hotel/pondicherry-in.html	Smiley Resort , Pondicherry, India - Photos, Room Rates & Promotions	similar name in every word (shared [smiley]) but no map pin or address on the page to confirm it
g-ChIJW07hbgAXCTkRvcCKmGOZKN4	Hotel Gangotri hotal	rishikesh	Agoda	https://www.agoda.com/hotel-gangotri-plaza-h30900369/hotel/rishikesh-in.html	Hotel Gangotri Plaza, Rishikesh, India - Photos, Room Rates & Promotions	similar name in every word (shared [gangotri,hotal]) but no map pin or address on the page to confirm it
g-ChIJvaRNonZHCTkRfJbZq5ygBHI	Hotel sangam river bank, Haridwar	haridwar	Booking.com	https://www.booking.com/hotel/in/ganga-savera.html	Ganga Savera - On Ganga Ghat, Haridwār (updated prices 2027)	same name as Ganga Savera – On Ganga Ghat, which has this page; pins 1920 m apart
durga-palace-by-veda-group-of-hotels	Hotel Durga Palace by Veda Group of Hotels	rishikesh	MakeMyTrip	https://www.makemytrip.com/hotels/durga_palace_by_veda_tapovan_near_laxman_jhula-details-rishikesh.html	Durga Palace - By Veda , Tapovan ( Near Laxman Jhula ) 𝗕𝗢𝗢𝗞 Rishikesh Homestay	same name as Hotel Durga Palace, which has this page; pins 279 m apart
g-ChIJwWQG3P9GCTkR4AeGg578JPM	Gayatri Guest Hous	haridwar	MakeMyTrip	https://www.makemytrip.com/hotels/gayatri_guest_house-details-haridwar.html	Gayatri guest house 𝗕𝗢𝗢𝗞 Haridwar Guest House	same name as Hotel Gayatri, which has this page; pins 423 m apart
g-ChIJkWF_S0g-CTkRSxZr-3pEtIE	Organic Stay - One-Bedroom Apartment	rishikesh	Expedia	https://www.expedia.co.in/Prigen-Hotels-Kaliandra-Eco-Resort-Organic-Farm.h106309759.Hotel-Information	Kaliandra Eco Resort & Organic Farm Reviews, Deals & Photos 2026 - Expedia	similar name in every word (shared [organic]) but no map pin or address on the page to confirm it
g-ChIJf_nq3m1HCTkRkTbRn04BTko	Aggarwal Dham	haridwar	Booking.com	https://www.booking.com/hotel/in/agrawal-homestay.html	Agrawal Homestay, Haridwār (updated prices 2027)	same name as Agrawal Homestay, which has this page; pins 1326 m apart
g-ChIJ9378o-xHCTkRaEEhuBwpF0U	Tulsidas dham	haridwar	Booking.com	https://www.booking.com/hotel/in/bhakti-dham-haridwar.html	Bhakti Dham Hotel, Haridwār (updated prices 2027)	same name as Bhakti Dham Hotel, which has this page; pins 1000 m apart
g-ChIJtYvqhUQWCTkRW6g8M6CdPzk	Namastay - Three-Bedroom Apartment	rishikesh	Booking.com	https://www.booking.com/hotel/in/namaste-hostel-rishikesh-rishikesh.html	Namaste Hostel Rishikesh, Rishīkesh (updated prices 2027)	same name as Namaste Hostel, which has this page; pins 1169 m apart
g-ChIJEZvQdw5HCTkRIH3z57LM1zQ	Sai Dua Guest House	haridwar	Agoda	https://www.agoda.com/goroomgo-sai-kripa-house-haridwar/hotel/mussoorie-in.html	Goroomgo Sai Kripa Guest House Near Har Ki Pauri Haridwar, India - Photos, Room Rates & Promotions	same name as Goroomgo Sai Kripa Guest House Haridwar Opposite Railway Station – Excellent Service, which has this page; pins 373 m apart
g-ChIJu0KJ5ypHCTkR_8GtmnMfea4	Babri Bhawan ️	haridwar	Booking.com	https://www.booking.com/hotel/in/gobind-bhawan-heritage-haveli-railway-station-road.html	Gobind Bhawan Heritage Hotel, Haridwār (updated prices 2027)	same name as Gobind Bhawan Heritage Hotel, which has this page; pins 1048 m apart
g-ChIJJQgDkP1GCTkRKiFj0oGNPc4	Ram Lodge	haridwar	Booking.com	https://www.booking.com/hotel/in/ram-lodge.html	Hotel Ram, Haridwār (updated prices 2027)	same name as Hotel Ram, which has this page; pins 448 m apart
g-ChIJ-TNEWBNHCTkRvYg3iPk2KG0	Shree Raja Ram Dharamshala	haridwar	Booking.com	https://www.booking.com/hotel/in/shree-shyam-haridwar.html	Shri Shyam Hotel, Near Harkipauri, Haridwār (updated prices 2027)	similar name (shared [shree]), map pin 417 m from this stay
g-ChIJ661dnv4XCTkR-SiepmhSMF0	Dhiraj guest house	rishikesh	Agoda	https://www.agoda.com/kokila-dhiraj-dham-dwarka-h37660087/hotel/dwarka-in.html	Best Price on Kokila Dhiraj Dham,Dwarka in Dwarka + Reviews!	similar name in every word (shared [dhiraj]) but no map pin or address on the page to confirm it
g-ChIJwbK1FRk9CTkRrkTm13qBXRs	Narendra Nagar army guestroom	rishikesh	Booking.com	https://www.booking.com/hotel/in/bloom-boutique-narendra-nagar.html	Bloom Boutique l Rishikesh Hills, Rishīkesh (updated prices 2027)	same name as Bloom Boutique L Rishikesh Hills Hotel, which has this page; pins 1419 m apart
prasanna	Hotel Prasanna Inn	rishikesh	Trip.com	https://in.trip.com/hotels/rishikesh-hotel-detail-10941200/prasanna-inn/	Prasanna Inn, Sheesham jhari lane no 17 Near dayanand ashram, Rishikesh; pin 30.110657,78.308373	Same place as our Hotel Prasanna Inn (same Lane No 17 Sheesham Jhari near Dayanand Ashram address, pin about 240 m from ours). This page is already recorded for prasanna-inn: prasanna and prasanna-inn look like duplicate directory entries of one hotel
kedar-valley-resorts	Kedar Valley Resorts	rishikesh	MakeMyTrip	https://www.makemytrip.com/hotels/kedar_valley_resorts-details-kedarnath.html	Kedar Valley Resorts, Kedarnath, Guptkashi, district rudraprayag 246439; pin 30.554852,79.055916	Same resort: exact name, Guptkashi on Kedarnath Road; Trip.com page in.trip.com/hotels/rudraprayag-hotel-detail-11266598/kedar-valley-resorts/ shows our exact address Kedarnath Road, 7 Kms Ahead From Gupta Kashi with pin 30.555126,79.056 (same as MMT); our stored pin is about 1.1 km east, the only Kedar Valley Resorts near Guptkashi (PK Resort Kedar Valley at Sonprayag is a different place). Agoda agoda.com/en-in/kedar-valley/hotel/harsil-in.html also shows Kedar Valley Resorts, Kedarnath Rd, Guptkashi 246439
g-ChIJJ7Syb2oXCTkRuOwMGGG-T44	Nirva	rishikesh	Booking.com	https://www.booking.com/hotel/in/hotel-nirvana-palace-rishikesh.html	Hotel Nirvana Palace Near Parmarth Niketan, Rishīkesh (updated prices 2027)	same name as Hotel Nirvana Palace near Parmarth Niketan, which has this page; pins 1073 m apart
g-ChIJR4u7ZLlHCTkRQAbb6ANY-I0	Lila Bhawan	haridwar	Booking.com	https://www.booking.com/hotel/in/gobind-bhawan-heritage-haveli-railway-station-road.html	Gobind Bhawan Heritage Hotel, Haridwār (updated prices 2027)	same name as Gobind Bhawan Heritage Hotel, which has this page; pins 1528 m apart
g-ChIJmygH6_4XCTkR6UJBoRR3hbU	Tapovan height camp	rishikesh	Booking.com	https://www.booking.com/hotel/in/foxoso-heights-tapovan.html	Foxoso Heights Tapovan Near Ganges, Rishikesh, Rishīkesh (updated prices 2027)	same name as Foxoso Heights Tapovan near Ganges, which has this page; pins 1504 m apart
tamanna	Hotel Tamanna	rishikesh	Hotels.com	https://in.hotels.com/ho3588810944/hotel-tamanna/	Hotel Tamanna (Lucknow, ), Lucknow hotel discounts | Hotels.com	similar name in every word (shared [tamanna]) but no map pin or address on the page to confirm it
g-ChIJKwHh5Ds-CTkR4iXrrkyTsDs	RASA - 85 The Ganges Rishikesh - One-Bedroom Apartment	rishikesh	Booking.com	https://www.booking.com/hotel/in/rasa-85-the-ganges-rishikesh.html	RASA - 85 The Ganges, Rishīkesh (updated prices 2027)	same name as Rasa – 85 The Ganges Apartment, which has this page; pins 633 m apart
g-ChIJrZ1kYwBHCTkR8Vm17rfLekw	Haridwar hapoy stay hotel	haridwar	Booking.com	https://www.booking.com/hotel/in/happy-stay-haridwar1.html	Hotel Happy Stay, Haridwār (updated prices 2027)	same name as Hotel Happy Stay, which has this page; pins 315 m apart
g-ChIJr44FdABPCTkR8yUYC5Gakc4	Naresh	haridwar	Goibibo	https://www.goibibo.com/hotels/new-naresh-hotel-in-raibareilly-8325598123937029683/	New Naresh Hotel Raibareilly - Reviews, Photos & Offer	similar name in every word (shared [naresh]) but no map pin or address on the page to confirm it
g-ChIJ5WOL4wA-CTkR4Mhj_U1dc2Y	ShreeJi Homestay - Deluxe Double Room (2 Adults + 1 Child)	rishikesh	Booking.com	https://www.booking.com/hotel/in/shriji-homestay.html	ShriJi Homestay, Rishīkesh (updated prices 2027)	same name as Shriji Homestay, which has this page; pins 352 m apart
g-ChIJt-ckFQA_CTkRgf-l0iJm4gM	Aapna ghar	rishikesh	Expedia	https://www.expedia.co.in/Gurugram-Hotels-Aapno-Ghar-Resort.h11472788.Hotel-Information	Aapno Ghar Resort Reviews, Deals & Photos 2026 - Expedia	similar name in every word (shared [aapna,ghar]) but no map pin or address on the page to confirm it
g-ChIJGRfW-js-CTkR59VZQqVwFMw	2bhk fully furnished flat - One-Bedroom Apartment	rishikesh	Booking.com	https://www.booking.com/hotel/in/2bhk-fully-furnished-flat-ganga-fashing-ganga-view.html	2Bhk Fully Furnished Flat Ganga Facing Ganga View, Rishīkesh (updated prices 2027)	same name as 2BHK Fully Furnished Flat Ganga Facing Ganga View Apartment, which has this page; pins 870 m apart
g-ChIJpUQFQxpHCTkRR6EuFaZUA_I	Hotel Purohit Lodge	haridwar	Agoda	https://www.agoda.com/collection-o-daraganj-ghat-prayagraj-formerly-purohit-inn/hotel/allahabad-in.html	Collection O Daraganj Ghat Prayagraj Formerly Purohit Inn, Allahabad, India - Photos, Room Rates & Promotions	similar name in every word (shared [purohit]) but no map pin or address on the page to confirm it
g-ChIJP0exJfYlCTkRnBAAHaUM4GY	Hotel Tapasya Jollygrant Airport Dehradun	rishikesh	Booking.com	https://www.booking.com/hotel/in/airport-luxury-nature-homestay-near-jolly-grant-airport-dehradun.html	Airport Luxury Nature Homestay- Near Jolly Grant Airport Dehradun, Doiwāla (updated prices 2027)	same name as Airport Luxury Nature Homestay- Near Jolly Grant Airport Dehradun - Double Room with Mountain View, which has this page; pins 1318 m apart
g-ChIJd0xSsTERCTkRZPOTk-gorNA	Riverside Camps in Shivpuri Rishikesh	rishikesh	Booking.com	https://www.booking.com/hotel/in/shivpuri-hills-camp-badal.html	Shivpuri Hills Camp, Shivpuri (updated prices 2027)	same name as Shivpuri hills camps, which has this page; pins 1536 m apart
serenity-home	Serenity Home	rishikesh	MakeMyTrip	https://www.makemytrip.com/hotels/serenity_hotel_rishikesh-details-rishikesh.html	https://www.makemytrip.com/hotels/serenity_hotel_rishikesh-details-rishikesh.html - Error	same name as Serenity Hotel near Laxman Jhula Tapvon Risikesh, which has this page; pins 1573 m apart
g-ChIJp5ydkCI-CTkRTe1csdu-joo	ENTIRE LUXARY HOME IN HILLs - Two-Bedroom Apartment	rishikesh	Booking.com	https://www.booking.com/hotel/in/rishikesh-homestay-luxury-3-bhk-ganges-hill-view-by-the-ghats.html	Rishikesh Homestay Luxury 3 BHK Ganges Hill View by the Ghats, Rishīkesh (updated prices 2027)	same name as Rishikesh Homestay Luxury 3BHK Ganges Hill View by the Ghats, which has this page; pins 1675 m apart
hostel-annapurna-niwas	Annapurna Niwas Hostel	haridwar	tiket.com	https://www.tiket.com/en-us/hotel/india/annpurna-niwas-709001726399137886	Annpurna Niwas, location BhimGoda Ghat, Near Hari ki Pauri Haridwar (site files it under Dehradun)	Same name (spelt Annpurna), same area: Bhimgoda by Har Ki Pauri matches our pin 29.9566,78.1839; tiket.com is an OTA but not one of our linked platforms; Tripadvisor d33331369 also lists Annpurna Niwas; no Booking/Agoda/MMT page found
g-ChIJ4aQXHZ0bCTkRfKHZsa_uHk0	CONIFER RESORT	rishikesh	MakeMyTrip	https://www.makemytrip.com/hotels/mid_conifer_resort_cottages-details-dalhousie.html	https://www.makemytrip.com/hotels/mid_conifer_resort_cottages-details-dalhousie.html - Error	similar name in every word (shared [conifer]) but no map pin or address on the page to confirm it
shivanta-residency-by-wb	Hotel Shivanta Residency by Wb Inn	rishikesh	booking	https://www.booking.com/hotel/in/shivanta-residency-rishikesh.html	Hotel Shivanta Residency, Badrinath Road, Rishikesh, pin 30.12829,78.32319	Same hotel: WB Inn is the brand it is sold under (guestreservations lists Hotel Shivanta Residency By WB Inn); pin 380 m from ours, both Tapovan Badrinath Road; only one Shivanta Residency in Rishikesh. Page already linked to our duplicate stay shivanta-residency-rishikesh, so this key looks like a directory duplicate
budget-g-a-n-g-a-a-m-r-i-t-near-park-and-railway	Haridwar Budget Hotel – G-A-N-G-A – A M R I T – Near Park and Railway Station – Full Air Conditioning and Free Wi-Fi – Parking – Hygiene & Spacious Room – Best Budget Hotel in Haridwar	haridwar	makemytrip	https://www.makemytrip.com/hotels/hotel_ganga_amrit_haridwar-details-haridwar.html	Hotel Ganga Amrit Haridwar, opp Geet Govind Banquet Hall, Khanna Nagar, Jwalapur Road, pin 29.931507,78.13094	Our name spells G-A-N-G-A A M R I T letter by letter (so the matcher only sees budget); the page is Hotel Ganga Amrit and its map pin is 75 m from ours. Agoda has it too: agoda.com/hotel-ganga-amrit/hotel/haridwar-in.html (same Khanna Nagar, Jwalapur Road address)
hindustan-royal-inn	Hindustan Royal Inn	haridwar	MakeMyTrip	https://www.makemytrip.com/hotels/hotel_kapil_royal_inn-details-haridwar.html	Hindustan Royal Inn	similar name (shared [hindustan,royal]), map pin 395 m from this stay
g-ChIJr7boPABLCTkRvcgXm0wRr58	PRAKASH FARM HOUSE	haridwar	Goibibo	https://www.goibibo.com/hotels/prakash-farm-hotel-in-mathura-7089826811187264235/	Prakash Farm Hotel Mathura - Reviews, Photos & Offer	similar name in every word (shared [prakash,farm]) but no map pin or address on the page to confirm it
g-ChIJMZVyz3s_CTkRxgKN4NtE9O8	Ikigai home	rishikesh	MakeMyTrip	https://www.makemytrip.com/hotels/ikigai_mangroves_villa_goa-details-goa.html	https://www.makemytrip.com/hotels/ikigai_mangroves_villa_goa-details-goa.html - Error	similar name in every word (shared [ikigai]) but no map pin or address on the page to confirm it
g-ChIJ5TGepQQ_CTkR3VdaNPjnbGA	GURUKIRPA HOMESTAY	rishikesh	MakeMyTrip	https://www.makemytrip.com/hotels/guru_homestay_rishikesh-details-rishikesh.html	https://www.makemytrip.com/hotels/guru_homestay_rishikesh-details-rishikesh.html - Error	same name as Homestay at Rishikesh - One-Bedroom Apartment, which has this page; pins 992 m apart
shaurya-249407	Hotel Shaurya by Sharma 0Nline Solution	haridwar	Booking.com	https://www.booking.com/hotel/in/shaurya-haridwar1.html	Hotel Shaurya By Sharma 0nline Solution Haridwar, F-3 Model Colony, Ranipur More, 249407, pin 29.934312,78.133612	Same place as shaurya-haridwar (likely a duplicate stay): page name has the full name incl. Sharma 0nline Solution, and the page map pin equals our pin exactly (29.934312,78.133612), Ranipur area matches
ganga-a-budget-stay	Ganga Hotel A Budget Stay	haridwar	Booking.com	https://www.booking.com/hotel/in/dwarkanath-travels-and-hotels.html	Ganga Hotels A Budget Stay At Harki Pauri Road, Haridwār (updated prices 2027)	same name as Ganga Hotels A Budget Stay at Harki Pauri Road, which has this page; pins 410 m apart
divine-ganga-bhupatwala	Hotel Divine Ganga, Bhupatwala	haridwar	MakeMyTrip	https://www.makemytrip.com/hotels/hotel_ganga_divine-details-haridwar.html	Hotel Ganga Divine, Satyam Vihar, Haridwar-Rishikesh Highway, Near Neelkanth Dham, Haridwar 249410, pin 29.988527,78.183075	Same words swapped (Divine Ganga vs Ganga Divine); Bhupatwala in our name is only the locality; MMT pin is about 210 m from ours on the Haridwar-Rishikesh road in Bhupatwala; Justdial lists Hotel Divine Ganga at Satyam Enclave, Sadhubela, Bhupatwala, matching the Satyam Vihar address. Booking.com listing (id 13607088 per mirror sites) no longer exists
dev-plaza-by-wb	Hotel Dev Plaza by Wb Inn	haridwar	Trip.com	https://www.trip.com/hotels/haridwar-hotel-detail-109255972/hotel-dev-plaza-by-wb-inn/	Hotel Dev Plaza by WB Inn (Haridwar) - 2026 Prices, Reviews & Deals | Trip.com	same name as Dev Plaza, which has this page; pins 1390 m apart
gold-tapovan	Hotel Gold Tapovan	rishikesh	Booking.com	https://www.booking.com/hotel/in/golden-hours.html	Golden Hours - Cozy 1 BHK Staycation - Forest view - Tapovan, Rishīkesh (updated prices 2027)	same name as Golden Hours – Cozy 1BHK Staycation – Forest View – Tapovan, which has this page; pins 817 m apart
g-ChIJX6UJWwBHCTkR11zBFBWlr_A	Ram Bhavan	haridwar	Booking.com	https://www.booking.com/hotel/in/amrit-bhawan-haridwar.html	Amrit Bhawan, Haridwār (updated prices 2027)	same name as Amrit Bhawan Apartment, which has this page; pins 1848 m apart
g-ChIJkfP9LgMWCTkRHQd2jRoM45Q	Agarwal Dharamshala	rishikesh	MakeMyTrip	https://www.makemytrip.com/hotels/agarwal_dharamsala-details-aklera.html	https://www.makemytrip.com/hotels/agarwal_dharamsala-details-aklera.html - Error	similar name in every word (shared [agarwal]) but no map pin or address on the page to confirm it
g-ChIJu7H7u1oWCTkRjI0xzEiipfc	Aloha-The Blissview Ganges Retreat - Two-Bedroom Apartment	rishikesh	Booking.com	https://www.booking.com/hotel/in/aloha-by-ganges.html	Aloha - Luxury Apartments by blissful Ganges, Rishīkesh (updated prices 2027)	same name as Aloha – Luxury Apartments by Blissful Ganges, which has this page; pins 252 m apart
park-ganga	Hotel Park Ganga	haridwar	Booking.com	https://www.booking.com/hotel/in/ganges-park-haridwar1.html	Hotel Ganges Park, Haridwār (updated prices 2027)	same name as Hotel Ganges Park, which has this page; pins 301 m apart
g-ChIJJ62fZABHCTkR7GSc8Dx5vlw	Shringi bhawan	haridwar	Trip.com	https://www.trip.com/hotels/haridwar-1-hotel-detail-10522252/shri-pritam-bhawan/	Shri Pritam Bhawan (Haridwar District) - 2026 Prices, Reviews & Deals | Trip.com	similar name in every word (shared [shringi,bhawan]) but no map pin or address on the page to confirm it
g-ChIJVVVVFGdICTkRCsNv2v1rALw	Rainbow Resorts & Spa	haridwar	MakeMyTrip	https://www.makemytrip.com/hotels/rainbow_resorts-details-kandaghat.html	https://www.makemytrip.com/hotels/rainbow_resorts-details-kandaghat.html - Error	similar name in every word (shared [rainbow]) but no map pin or address on the page to confirm it
g-ChIJE175w6xHCTkRheUo1xHp61Q	Hotel Nileshwar	haridwar	Agoda	https://www.agoda.com/neeleshwar-hermitage-hotel/hotel/nileshwar-in.html	Neeleshwar Hermitage Hotel | Nileshwar 2026 UPDATED DEALS £205, HD Photos & Reviews	similar name in every word (shared [nileshwar]) but no map pin or address on the page to confirm it
g-ChIJRfddWQAXCTkRvaO3gtB8Sa0	INN Rishikesh homestay	rishikesh	Agoda	https://www.agoda.com/joey-s-homestay/hotel/rishikesh-in.html	Best Price on Joey&#39;s Homestay in Rishikesh + Reviews!	same name as HomeStay in Rishikesh, which has this page; pins 1928 m apart
g-ChIJG8tnELBHCTkRhNYOZVvRr18	Ananda Niketan	haridwar	Agoda	https://www.agoda.com/anand-niketan-by-bonjour-on-the-ganges/hotel/haridwar-in.html	Best Price on Anand Niketan By Bonjour - On The Ganges in Haridwar + Reviews!	same name as Anand Niketan by Bonjour – On the Ganges Hotel, which has this page; pins 587 m apart
nirwan	Hotel Nirwan	rishikesh	Booking.com	https://www.booking.com/hotel/in/hotel-nirvana-palace-rishikesh.html	Hotel Nirvana Palace Near Parmarth Niketan, Rishīkesh (updated prices 2027)	same name as Hotel Nirvana Palace near Parmarth Niketan, which has this page; pins 1742 m apart
