key	status	ota	url	note	checked
4-you-with-open-rooftop-cafe	doubtful	Booking.com	https://www.booking.com/hotel/in/tapovan-rishikesh.html	Link check: Booking.com redirects to Rishikesh search (property not bookable or URL changed)	2026-10-03
alaya-stays-anandam-in-himalaya	none	-	-	Name seen in Booking.com list snippet but no property page URL surfaced	2026-10-02
aloha-on-the-ganges-by-leisure-hotels	verified	Booking.com	https://www.booking.com/hotel/in/aloha-on-the-ganges.html	title 'Aloha On The Ganges by Leisure Hotels' (not the Almost Heaven apartment units)	2026-10-02
amritara-tapovan	none	-	-	Booking search found no Amritara Tapovan page; other OTAs not checked (session web-search budget exhausted)	2026-10-02
anand-prakash-yoga-ashram-retreat-center	verified	Booking.com	https://www.booking.com/hotel/in/anand-prakash-yoga-ashram.html	Exact title match	2026-10-02
ananda-in-the-himalayas	verified	Agoda	https://www.agoda.com/ananda-in-the-himalayas-resort/hotel/narendra-nagar-in.html	Exact name; Agoda lists under Narendra Nagar (its actual location near Rishikesh); not found on Booking/MMT	2026-10-02
antalya-by-divine-ganga-cottage	verified	Booking.com	https://www.booking.com/hotel/in/antalya-rishikesh.html	Antalya Hotel & Spa, Lower Tapovan	2026-10-02
apt-spatii-studio	doubtful	Booking.com	https://www.booking.com/hotel/in/spatii-studio-apartment-rishikesh.html	name matches but listing says Birpur Khurd; several Spatii units exist	2026-10-02
arista-haven	none	-	-	Name seen in Booking.com list snippet but no property page URL surfaced	2026-10-02
aroha-by-rishikesh-swimming-pool-spa	doubtful	Booking.com	https://www.booking.com/hotel/in/cordelia-inn.html	Link check: Booking.com redirects to Rishikesh search (property not bookable or URL changed)	2026-10-03
ashoka-ganga-stay-by-the-ganges-at-triveni-ghat	doubtful	Booking.com	https://www.booking.com/hotel/in/ganga-ashoka-rishikesh.html	"Hotel Ganga Ashoka" (word order reversed), Veerbhadra Rd near ghat	2026-10-02
atali-ganga-resort	doubtful	MakeMyTrip	https://www.makemytrip.com/hotels/atali_ganga_resort-details-rishikesh.html	only the MMT amenities sub-page surfaced; main details URL derived from it	2026-10-02
aura-residency-a-unit-of-sitara-group-road-haridwar	doubtful	Booking.com	https://www.booking.com/hotel/in/aura-residency-a-unit-of-sitara-group-road-haridwar.html	'Jhula Hotel' not found by name; slug inferred from key only - check	2026-10-02
black-pearl	none	-	-	only Royal Black Pearl (Dehradun) found	2026-10-02
bloom-boutique-hills	verified	Booking.com	https://www.booking.com/hotel/in/bloom-boutique-narendra-nagar.html	Exact 'Bloom Boutique - Rishikesh Hills'	2026-10-02
blue-moon-1	none	-	-	No Rishikesh 'Blue Moon' property page found (only Ahmedabad/Kasol namesakes)	2026-10-02
bnb-aashraya-on-ganga	doubtful	Booking.com	https://www.booking.com/hotel/in/aashraya-on-ganga.html	Link check: Booking.com redirects to Rishikesh search (property not bookable or URL changed)	2026-10-03
camp-aqua-forest	doubtful	MakeMyTrip	https://www.makemytrip.com/hotels/camp_aquaforest_rishikesh-details-rishikesh.html	name clearly matches; main URL derived from MMT 'address-of-camp_aquaforest_rishikesh' sub-page	2026-10-02
chhaya	none	-	-	NOT SEARCHED - session web-search budget exhausted	2026-10-02
comfort-dewa-retreat	none	-	-	NOT SEARCHED - session web-search budget exhausted	2026-10-02
damini	doubtful	Booking.com	https://www.booking.com/hotel/in/damini.html	Link check: Booking.com redirects to Rishikesh search (property not bookable or URL changed)	2026-10-03
dev-ganga-rishikesh	none	-	-	No "Hotel Dev Ganga" listing found	2026-10-02
devoy-1	doubtful	Booking.com	https://www.booking.com/hotel/in/namastexplorer-rishikesh.html	Several Devoy Inn pages on Booking (also devoy-inn-by-namstexplorer, devoy-inn-by-namastexplorer-rishikesh), all Tapovan; input area Ram Jhula	2026-10-02
devoy-rishikesh-inn	doubtful	Booking.com	https://www.booking.com/hotel/in/namastexplorer-rishikesh.html	Multiple Devoy Inn listings (also devoy-inn-by-namstexplorer)	2026-10-02
dewa-retreat-a-himalayan-boutique-hotel	verified	Booking.com	https://www.booking.com/hotel/in/dewa-retreat.html	Exact title match, Tapovan	2026-10-02
divine-lakshmi-ganga	verified	Booking.com	https://www.booking.com/hotel/in/divine-lakshmi-ganga.html	Hotel Divine Lakshmi Ganga, Badrinath Rd near Lakshman Jhula (Elements 7 suffix not shown)	2026-10-02
dream	verified	Booking.com	https://www.booking.com/hotel/in/dream-inn-rishikesh.html	Hotel Dream Inn, Badrinath Rd Tapovan	2026-10-02
ecko-tapovan-by-the-ganges	doubtful	Booking.com	https://www.booking.com/hotel/in/ecko-tapovan.html	Link check: Booking.com redirects to Rishikesh search (property not bookable or URL changed)	2026-10-03
ekawa-ganga-by-lawrence-hotels	verified	Booking.com	https://www.booking.com/hotel/in/ekawa-ganga-by-lawrence-hotels.html	Exact name, near Himalayan Yog Ashram	2026-10-02
ellbee-ganga-view	doubtful	Booking.com	https://www.booking.com/hotel/in/ellbee-ganga-view.html	Link check: Booking.com redirects to Rishikesh search (property not bookable or URL changed)	2026-10-03
ganga-grand-parking-lift-restaurant-near-ghat	none	-	-	No 'Hotel Ganga Grand' found on Booking/MMT/Agoda	2026-10-02
ganga-kinare-a-riverside-boutique-resort	verified	Booking.com	https://www.booking.com/hotel/in/ganga-kinare.html	GANGA KINARE- A Riverside Boutique Resort, Virbhadra Road	2026-10-02
ganga-mbs-best-location-family-hotel	doubtful	Booking.com	https://www.booking.com/hotel/in/ganga-mbs-best-location-family-hotel.html	Booking listing confirmed exists but URL not surfaced; slug inferred from key - check	2026-10-02
ganga-stay-by-the-ganges-at-triveni-ghat	doubtful	Booking.com	https://www.booking.com/hotel/in/ganga-stay-by-the-ganges-at-triveni-ghat.html	Not surfaced by name; slug inferred from key. Do NOT confuse with ganga-rishikesh (3mi from Triveni) or Meeram Ganga - check	2026-10-02
ganga-tapovan-room	none	-	-	Generic name, no matching listing	2026-10-02
ganges-blossam-haridwar-rishikesh-road-a-four-star-luxury	doubtful	Booking.com	https://www.booking.com/hotel/in/omni-rishikesh.html	Link check: Booking.com redirects to Rishikesh search (property not bookable or URL changed)	2026-10-03
gangotri-rishikesh	doubtful	Booking.com	https://www.booking.com/hotel/in/gangotri-rishikesh.html	Booking listing confirmed to exist (9.5, 233 reviews) but URL not surfaced; slug inferred from key - check	2026-10-02
gj-wellness-and-stay	verified	Agoda	https://www.agoda.com/gj-wellness-stay/hotel/rishikesh-in.html	Agoda slug gj-wellness-stay; Tapovan; not found on Booking.com	2026-10-02
govind-palace-by-the-ganges-at-triveni-ghat	doubtful	Booking.com	https://www.booking.com/hotel/in/govind-palace-rishikesh.html	Link check: Booking.com redirects to Rishikesh search (property not bookable or URL changed)	2026-10-03
great-ganga-restaurant-parking-lift-traveler	doubtful	Booking.com	https://www.booking.com/hotel/in/the-great-ganga.html	'The Great Ganga' page; title not confirmed and reviews mention no lift, vs 'Great Ganga Inn' with Lift	2026-10-02
h7stay-luxury-cottages-and-camps	doubtful	Booking.com	https://www.booking.com/hotel/in/h7stay.html	Link check: Booking.com redirects to Rishikesh search (property not bookable or URL changed)	2026-10-03
haven	none	-	-	no Hotel Haven Tapovan; only Haven On Hill (different)	2026-10-02
haven-on-hill	none	-	-	No match on Booking/MMT/Agoda/Airbnb	2026-10-02
hi-by-madras	doubtful	Booking.com	https://www.booking.com/hotel/in/hi-by-madras.html	Hi hotel By Madras near Rishikesh station; note page says not taking reservations currently [downgraded: not currently taking reservations on Booking.com]	2026-10-02
highlands	doubtful	MakeMyTrip	https://www.makemytrip.com/hotels/the_highlands-details-rishikesh.html	'The Highlands' BnB, Tapovan 7 min walk to Laxman Jhula; a separate Highlands Hostel exists; URL derived from MMT review-of page	2026-10-02
himalayan-wellness-retreat	verified	Booking.com	https://www.booking.com/hotel/in/himalayan-wellness-retreat.html	Exact name; listed under Narendranagar but 13-min walk from Himalayan Yog Ashram (Tapovan)	2026-10-02
holy-river	verified	Booking.com	https://www.booking.com/hotel/in/holy-river.html	Holy River Hotel, Tapovan	2026-10-02
holy-vivasa	verified	Booking.com	https://www.booking.com/hotel/in/holy-vivasa-rishikesh.html	Exact title match	2026-10-02
hotel-birbhaddar-1	none	-	-	only other Neeraj branches found (Heritage Palace, Cottages, Ranimahal Ghat Access); no 'with Ganga View' page URL	2026-10-02
hotel-haridwar-13	verified	Booking.com	https://www.booking.com/hotel/in/pradeep-resort.html	'Sitara Premium Dhakad Gold, Near Lakshman Jhula' (slug from Booking reviews page)	2026-10-02
hotel-rishikesh-251	doubtful	Booking.com	https://www.booking.com/hotel/in/dev-raj.html	Hotel O Dev Raj, Tapovan near Laxman Jhula; OYO-branded, booking may be disabled	2026-10-02
hotel-rishikesh-7	verified	Booking.com	https://www.booking.com/hotel/in/aloha-on-the-ganges.html	same property as aloha-on-the-ganges-by-leisure-hotels (duplicate listing)	2026-10-02
hotel-rishikesh-83	none	-	-	No "Vansh Residency" found (MMT returned unrelated Vansara)	2026-10-02
house-super-o-shri-radhe-restaurant	doubtful	Booking.com	https://www.booking.com/hotel/in/oyo-shri-radhe-guest-house-restaurant.html	Link check: Booking.com redirects to Rishikesh search (property not bookable or URL changed)	2026-10-03
house-trinetra	verified	Booking.com	https://www.booking.com/hotel/in/trinetra-guest-house.html	Trinetra Guest House near Laxman Jhula (not the OYO Narendranagar one)	2026-10-02
hrishikesh-high-tapovan	doubtful	Booking.com	https://www.booking.com/hotel/in/hrishikesh-high-tapovan.html	Booking listing confirmed exists but URL not surfaced; slug inferred from key - check	2026-10-02
inde-reva-resorts-rishhikesh	none	-	-	Eastlynn mentioned in Booking/Agoda list snippets, no property URL surfaced	2026-10-02
inderlok-rishikesh	doubtful	MakeMyTrip	https://www.makemytrip.com/hotels/hotel_inderlok-details-rishikesh.html	MMT Hotel Inderlok, Railway Rd ~1km from Triveni Ghat (URL derived from MMT amenities-of page) [downgraded: URL built from a pattern, not seen directly]	2026-10-02
ishan-a-ganges-riverside-retreat-by-salvus	verified	Booking.com	https://www.booking.com/hotel/in/ishan-tapovan.html	Exact name, slug ishan-tapovan	2026-10-02
kinwani-house-narendranagar-araiya-anthology	verified	Booking.com	https://www.booking.com/hotel/in/kinwani-house.html	Kinwani House Narendranagar - Araiya Anthology	2026-10-02
krishna-rooms	doubtful	Booking.com	https://www.booking.com/hotel/in/oyo-krishna-rooms.html	"Hotel O Krishna Rooms" (OYO), near Dehradun Rd-ish; generic name	2026-10-02
krishnabalram-wellness-ayurveda-centre	verified	Booking.com	https://www.booking.com/hotel/in/krishnabalram-polyclinic-ayurveda-centre.html	Exact title match	2026-10-02
la-vista-residency-laxman-jhula	none	-	-	Mentioned on Booking.com 4-star list but no property URL surfaced	2026-10-02
lamrin-boutique-cottages	verified	Booking.com	https://www.booking.com/hotel/in/lamrin-boutique-cottages.html	Exact name, Muni ki Reti	2026-10-02
lemon-tree-hotel-rishikesh	verified	Booking.com	https://www.booking.com/hotel/in/lemon-tree-tapovan-rishikesh.html	Lemon Tree Hotel, Tapovan Rishikesh exact	2026-10-02
lemon-tree-premier	verified	Booking.com	https://www.booking.com/hotel/in/lemon-tree-premier-rishikesh.html	Lemon Tree Premier, Rishikesh exact (distinct from Lemon Tree Hotel Tapovan / Keys Lite)	2026-10-02
lords-valley	verified	Booking.com	https://www.booking.com/hotel/in/lords-valley.html	Hotel Lords Valley Rishikesh, Tapovan	2026-10-02
maharishi-ayurveda-boutique-wellness-retreat	verified	Booking.com	https://www.booking.com/hotel/in/maharishi-ayurveda-boutique-wellness-retreat.html	Exact title match, Tapovan	2026-10-02
modi-yoga-retreat	verified	Booking.com	https://www.booking.com/hotel/in/modi-yoga-retreat.html	Modi Yoga Retreat Rishikesh exact	2026-10-02
montara-rishikesh	doubtful	Booking.com	https://www.booking.com/hotel/in/montara-rishikesh-rishikesh.html	from reviews page 'Hotel The Montara Near Ganga Ghat', Haridwar Road [downgraded: URL inferred from a reviews page, not seen directly]	2026-10-02
mountain-view-retreat-in-tapovan	doubtful	Booking.com	https://www.booking.com/hotel/in/mountain-view-room-by-yog-tapovan.html	Yog Tapovan has two pages (also yog-tapovan-amp-restaurant); unclear which is 'Mountain View Retreat'	2026-10-02
mystara-hotels-jamb	none	-	-	Mentioned in Booking.com list snippets, no property URL surfaced	2026-10-02
natraj	verified	Booking.com	https://www.booking.com/hotel/in/natraj-rishikesh.html	"Hotel Natraj Rishikesh", Dehradun Road (not Natraj Ganga Darshan)	2026-10-02
neer-ganga-resorts	verified	Booking.com	https://www.booking.com/hotel/in/petals-neer-ganga-camps-amp-resort.html	Title 'Neer Ganga Resorts, Rishikesh' (legacy slug)	2026-10-02
o-ayansh-residency	doubtful	Booking.com	https://www.booking.com/hotel/in/oyo-flagship-80639-ayansh-residency.html	Link check: Booking.com redirects to Rishikesh search (property not bookable or URL changed)	2026-10-03
o-tapovan-near-deacon-valley	doubtful	Booking.com	https://www.booking.com/hotel/in/oyo-flagship-70312-chandralok.html	Link check: Booking.com redirects to Rishikesh search (property not bookable or URL changed)	2026-10-03
o-tapovan-rise-cottages-and-cafe	verified	Booking.com	https://www.booking.com/hotel/in/tapovan-rise-cottages-and-cafe-rishikesh.html	Hotel O Tapovan Rise cottages and cafe exact (another non-O page tapovan-rise-cottages-and-cafe.html also exists)	2026-10-02
oak-leaf	doubtful	Booking.com	https://www.booking.com/hotel/in/oak-leaf-rishikesh1.html	Link check: Booking.com redirects to Rishikesh search (property not bookable or URL changed)	2026-10-03
perfectstayz-premium-heritage-near-neem-beach	verified	Booking.com	https://www.booking.com/hotel/in/perfectstyaz-heritage.html	PerfectStayz Heritage Near Neem Beach (not Laxmi Heritage)	2026-10-02
perfectstayz-premium-pinaaki-ganges-view	verified	MakeMyTrip	https://www.makemytrip.com/hotels/hotel-details/?hotelId=202403082022569976&city=CTXRI	MMT title 'Perfectstayz Premium Pinaaki - Ganges view', Tapovan; hotelId-only URL (no slug page found)	2026-10-02
raga-on-the-ganges	verified	Booking.com	https://www.booking.com/hotel/in/bonfire-hostels-rishikesh.html	Title "Raga on the Ganges, Rishikesh" (legacy slug)	2026-10-02
ramana-on-the-ganges	none	-	-	No results on any OTA	2026-10-02
resort-anandam	verified	Booking.com	https://www.booking.com/hotel/in/rishikesh-anandam-resort.html	"Rishikesh anandam resort", near Patanjali Intl Yoga Fdn (Tapovan)	2026-10-02
resort-anandvan-jungle-by-dev-group-of-hotels-rishikesh	doubtful	Booking.com	https://www.booking.com/hotel/in/anandvan-jungle-resort-by-dev-group-of-hotels.html	slug matches key but listing now titled 'Mahal Resort'; other Anandvan branches exist	2026-10-02
resort-anandvan-jungle-by-rfh	doubtful	Booking.com	https://www.booking.com/hotel/in/anandvan-jungle-resort.html	Several 'Anandvan Jungle Resort' pages (by Dev Group, by Leela, Bijni, Kuthar); none named 'by RFH'	2026-10-02
resort-arika-jamb	doubtful	Agoda	https://www.agoda.com/en-in/arika-resort/hotel/wadgaon-in.html	Agoda page describes Arika Resort near Camp Shivpuri but URL city slug is 'wadgaon'; Booking listing (Jamb) URL not surfaced	2026-10-02
resort-creek-forest-riverside-boutique	verified	Booking.com	https://www.booking.com/hotel/in/creek-forest-riverside-boutique-resort.html	exact name	2026-10-02
resort-cygnett-grand-shiva-shivpuri	doubtful	Booking.com	https://www.booking.com/hotel/in/the-grand-shiva-resort-and-spa.html	"The Grand Shiva Resort and Spa" Rishikesh; no Cygnett branding in title	2026-10-02
resort-de-coracao-tapovan	doubtful	Booking.com	https://www.booking.com/hotel/in/resort-de-coracao-tapovan.html	Booking lists Resort de Coracao in Tapovan but URL not surfaced; slug inferred from key (Goa branch is resort-de-coraco) - check	2026-10-02
resort-divine-spa	verified	Booking.com	https://www.booking.com/hotel/in/divine-resort.html	Divine Resort & Spa, Tapovan	2026-10-02
resort-dls-divine-river-and-spa	verified	Booking.com	https://www.booking.com/hotel/in/dls-divine-river-resort-and-spa.html	Exact title match	2026-10-02
resort-ezzenza-mahayana-spa	none	-	-	described on Booking/MMT but no own-page URL surfaced (Mahayana River Resort is different)	2026-10-02
resort-fabhotel-anandam	none	-	-	NOT SEARCHED - session web-search budget exhausted	2026-10-02
resort-himalayan	none	-	-	No distinct "Himalayan Resort" Tapovan page found	2026-10-02
resort-moustache-riverside	verified	Booking.com	https://www.booking.com/hotel/in/royale-rainbow-resort.html	Title exact 'Moustache Rishikesh Riverside Resort' (legacy slug)	2026-10-02
resort-narayana-sanctuary-by-salvus-tapovan	verified	Booking.com	https://www.booking.com/hotel/in/the-narayana-poolside-cottages.html	Title "Narayana Sanctuary Resort by Salvus, Tapovan"	2026-10-02
resort-oneness-by-ganga-kinare-a-luxury-wilderness	verified	Booking.com	https://www.booking.com/hotel/in/oneness-rishikesh-by-ganga-kinare.html	Exact name (Byasi, rafting belt)	2026-10-02
resort-pride-and	verified	Booking.com	https://www.booking.com/hotel/in/pride-and-resort-rishikesh.html	Pride Hotel And Resort Rishikesh, Tapovan	2026-10-02
resort-qcent-woods-spa	verified	Booking.com	https://www.booking.com/hotel/in/qcent-woods-spa-resort-rishikesh.html	Exact title match	2026-10-02
resort-riverline-gold	doubtful	Booking.com	https://www.booking.com/hotel/in/riverline-gold.html	Riverline Gold Resort exists on Booking but URL not surfaced; slug inferred - check	2026-10-02
resort-summit-by-the-ganges-beach-spa	verified	Booking.com	https://www.booking.com/hotel/in/summit-by-the-ganges.html	exact name match	2026-10-02
resort-taj-spa-uttarakhand	verified	Booking.com	https://www.booking.com/hotel/in/taj-rishikesh-resort-amp-spa-uttarakhand.html	Exact name match	2026-10-02
resort-taj-spa-uttarakhand-rishikesh	verified	Booking.com	https://www.booking.com/hotel/in/taj-rishikesh-resort-amp-spa-uttarakhand.html	Exact title match	2026-10-02
resort-the-ayali-riverside	doubtful	Booking.com	https://www.booking.com/hotel/in/the-ayali-riverside-resort-rishikesh.html	Link check: Booking.com redirects to Rishikesh search (property not bookable or URL changed)	2026-10-03
resort-the-grand-shiva-and-spa	verified	Booking.com	https://www.booking.com/hotel/in/the-grand-shiva-resort-and-spa.html	Shivpuri, exact name	2026-10-02
resort-the-hill-mount-shivpuri	verified	Booking.com	https://www.booking.com/hotel/in/the-hill-mount.html	Exact name The Hill Mount Resort Shivpuri	2026-10-02
resort-the-neeraj-river-forest-ayurvedic-wellness-center	verified	Booking.com	https://www.booking.com/hotel/in/the-neeraj-forest-resort-and-spa.html	Exact title, Chilla road near AIIMS	2026-10-02
resort-the-westin-spa-himalayas	verified	Booking.com	https://www.booking.com/hotel/in/the-westin-resort-spa-himalayas.html	exact name match	2026-10-02
resort-upper-tapovan	doubtful	Booking.com	https://www.booking.com/hotel/in/tapovan-resort-rishikesh.html	"Tapovan Resort" located in Upper Tapovan; name not exact	2026-10-02
resort-vanantra	none	-	-	No OTA listing found (only unrelated Vansara on MMT)	2026-10-02
rnr-retreat-serenity-by-the-ganges-badrinath-vatika	none	-	-	Name seen in Booking.com list snippets but no property page URL surfaced	2026-10-02
royal-respite-best-awarded-property-in-with-open	doubtful	MakeMyTrip	https://www.makemytrip.com/hotels/collection_o_tapovan_paradise-details-rishikesh.html	Only 'Tapovan Paradise' (Collection O) found; name 'Hotel Rishikesh Paradise' not confirmed same	2026-10-02
royale-hills-by-rsp-vista-hotels-resorts	verified	Booking.com	https://www.booking.com/hotel/in/royale-hills.html	Hotel Royale Hills By RSP Vista, Tapovan	2026-10-02
rudram-yoga-ayurveda-retreat	verified	Booking.com	https://www.booking.com/hotel/in/rudram-yoga-amp-ayurveda-retreat.html	Exact name, near Himalayan Yog Ashram Tapovan	2026-10-02
saltstayz-autograph	verified	Booking.com	https://www.booking.com/hotel/in/saltstayz-autograph-rishikesh.html	Saltstayz Autograph - Rishikesh (slug from its Booking reviews page); other branches are Noida/Delhi	2026-10-02
samiras-birds-butterflies-park-spashram-ganga-beach-retreat	verified	Booking.com	https://www.booking.com/hotel/in/spashram-retreat.html	Exact title match	2026-10-02
sanskriti-vedic-retreat	verified	Booking.com	https://www.booking.com/hotel/in/sanskriti-vedic-retreat.html	Exact title match, near Ram Jhula	2026-10-02
serenity-rishikesh	none	-	-	no matching Serenity Hotel Tapovan found (only Aloha Serenity Apartments, different property)	2026-10-02
shaantam-resorts-spa	verified	Booking.com	https://www.booking.com/hotel/in/shaantam-resorts-amp-spa-rishikesh.html	Shaantam Resorts & Spa - Rishikesh (now Aureva); older duplicate page shaantam-resorts.html also exists	2026-10-02
sharnam-on-the-ganges	none	-	-	Booking.com listing exists per city-page snippets but no property URL surfaced; none on MMT/Agoda	2026-10-02
shree-yogshala	verified	Booking.com	https://www.booking.com/hotel/in/shree-yogshala.html	Exact name, Badrinath Rd Tapovan	2026-10-02
silver-tapovan	verified	Booking.com	https://www.booking.com/hotel/in/silver-inn-tapovan-rishikesh-rishikesh.html	Exact name Silver Inn by Pentaura Tapovan	2026-10-02
sitara-premium-aura	doubtful	-	-	Listing name says Haridwar (Har Ke Pauri), not Rishikesh; only Sitara Grand HS Palace (Haridwar) seen, no page URL	2026-10-02
sitara-resorts-road-haridwar	doubtful	Booking.com	https://www.booking.com/hotel/in/ganges-blossam.html	Link check: Booking.com redirects to Rishikesh search (property not bookable or URL changed)	2026-10-03
ski-hotels-and-resorts	verified	Booking.com	https://www.booking.com/hotel/in/ski-hotels-and-resorts-rishikesh.html	SKI Hotels and Resorts Rishikesh near Laxman Jhula	2026-10-02
smart-stays-by-country-inn-tapovan	verified	Booking.com	https://www.booking.com/hotel/in/country-in-smart-stays-rishikesh.html	Exact 'Smart Stays by Country Inn, Tapovan'	2026-10-02
soh-sound-of-himalayas-rishikesh	verified	Booking.com	https://www.booking.com/hotel/in/soh-sound-of-himalayas.html	SOH - Sound of Himalayas guest house, Tapovan	2026-10-02
sri-bhagvatam-by-the-gnages	doubtful	Booking.com	https://www.booking.com/hotel/in/bhagvatam-rishikesh.html	'Bhagvatam by the Ganges' listed in Shivpuri, not Laxman Jhula	2026-10-02
star-hill	doubtful	Booking.com	https://www.booking.com/hotel/in/star-hill.html	URL inferred from Booking reviews page 'Star hill' near Rishikesh station; separate 'Hotel Star Hills' (star-hills) also exists	2026-10-02
sterling-palm-bliss	verified	Booking.com	https://www.booking.com/hotel/in/palm-bliss-resorts.html	Title "Sterling Palm Bliss - Rishikesh", Tapovan bypass	2026-10-02
sufi-stay	none	-	-	mentioned in a Booking.com list but no own-page URL found	2026-10-02
tapovan-lightning-room	none	-	-	No 'Lightning Room' listing found; only generic Yog Tapovan pages	2026-10-02
tapovan-namaste	none	-	-	Exists (Tripadvisor etc.) but no Booking.com/OTA own-page URL surfaced in search	2026-10-02
the-for-u-a-luxury-stay	doubtful	Booking.com	https://www.booking.com/hotel/in/gayatri-palace-rishikesh-rishikesh.html	Link check: Booking.com redirects to Rishikesh search (property not bookable or URL changed)	2026-10-03
the-garhwal-vatika-rishikesh	doubtful	Booking.com	https://www.booking.com/hotel/in/the-garhwal-vatika.html	Link check: Booking.com redirects to Rishikesh search (property not bookable or URL changed)	2026-10-03
the-heritage-rishikesh	doubtful	Booking.com	https://www.booking.com/hotel/in/the-heritage-rishikesh.html	slug matches key but listing is 'LA Riqueza The Heritage', near Triveni Ghat; generic name	2026-10-02
the-neeraj-ganga-cottages	verified	Booking.com	https://www.booking.com/hotel/in/the-neeraj-ganga-cottages.html	Exact title match	2026-10-02
the-neeraj-ganga-heritage-palace	verified	Booking.com	https://www.booking.com/hotel/in/the-neeraj-ganga-heritage-palace.html	Exact name	2026-10-02
the-neeraj-ganga-paradise	doubtful	Booking.com	https://www.booking.com/hotel/in/the-neeraj-ganga-paradise.html	Booking listing 'The Neeraj Ganga Paradise With Ganga View' confirmed exists but URL not surfaced; slug inferred from key - check	2026-10-02
the-neeraj-ganga-rani-mahal	verified	Agoda	https://www.agoda.com/the-neeraj-ganga-rani-mahal/hotel/rishikesh-in.html	Exact name 'The Neeraj Ganga Ranimahal With Ganga Ghat Access', Veerbhadra/Nirmal Block; no Booking.com page URL found	2026-10-02
the-neeraj-naturecure-on-ganga	doubtful	Booking.com	https://www.booking.com/hotel/in/the-neeraj-naturecure-stay-by-the-ganges.html	slug's reviews page titled The Shanti Naturecure On Ganga, AIIMS Road (renamed from Neeraj Naturecure) [downgraded: URL inferred from a reviews page, not seen directly]	2026-10-02
the-rampour-a-brigadiers-cottage-collection	verified	Airbnb	https://www.airbnb.co.in/rooms/1625532912191091843	Airbnb listing "The Rampour Rishikesh - Petfriendly hotel in Tapovan"; no Booking/MMT page URL surfaced	2026-10-02
the-roseate-ganges	doubtful	Booking.com	https://www.booking.com/hotel/in/the-roseate-ganges-rishikesh.html	Link check: Booking.com redirects to Rishikesh search (property not bookable or URL changed)	2026-10-03
the-v3	doubtful	Booking.com	https://www.booking.com/hotel/in/the-v3.html	Link check: Booking.com redirects to Rishikesh search (property not bookable or URL changed)	2026-10-03
the-vilana-a-unit-of-jg-developers	verified	Booking.com	https://www.booking.com/hotel/in/the-vilana-rishikesh.html	Hotel The Vilana A Unit of JG Developers, near Triveni Ghat	2026-10-02
the-yakshaa-neelkanth	verified	Booking.com	https://www.booking.com/hotel/in/the-yakshaa-neelkanth.html	Exact title match	2026-10-02
tirupati-a-luxury-stay	doubtful	Booking.com	https://www.booking.com/hotel/in/tirupati-a-luxury-stay.html	Link check: Booking.com redirects to Rishikesh search (property not bookable or URL changed)	2026-10-03
townhouse-ganges-river-view	verified	Booking.com	https://www.booking.com/hotel/in/townhouse-ganges-river-view.html	Exact title match, Tapovan	2026-10-02
townhouse-oak-tapovan	doubtful	Booking.com	https://www.booking.com/hotel/in/townhouse-oak-jk-heaven.html	Link check: Booking.com redirects to Rishikesh search (property not bookable or URL changed)	2026-10-03
townhouse-rooftop	doubtful	Booking.com	https://www.booking.com/hotel/in/townhouse-oyo-1261-rooftop.html	Link check: Booking.com redirects to Rishikesh search (property not bookable or URL changed)	2026-10-03
v4y-4u-tapovan	doubtful	Booking.com	https://www.booking.com/hotel/in/hotel4u.html	'Hotel 4 U Tapovan Rishikesh'; V4Y prefix not shown and other 4U/4 You Tapovan properties exist	2026-10-02
ved-bhoomi-residency	doubtful	Booking.com	https://www.booking.com/hotel/in/ved-bhoomi-residency-rishikesh1.html	two Booking pages exist (also ved-bhoomi-residency.html); chose the newer active one	2026-10-02
veda5-ayurveda-yoga-retreat	verified	Booking.com	https://www.booking.com/hotel/in/veda5-wellness.html	Title "Veda5 Ayurveda & Yoga Retreat", Neelkanth Rd	2026-10-02
vedavibe-tapovan	none	-	-	VedaVibe Tapovan appears in Booking.com list snippets but no property page URL surfaced (only Vedas Tapovan, a different hotel)	2026-10-02
vedic-dham-ganga	verified	Booking.com	https://www.booking.com/hotel/in/vedic-dham-ganga-rishikesh.html	Vedic Dham Ganga, opp Rani Mandir Laxman Jhula	2026-10-02
villa-yog-niketan	verified	Booking.com	https://www.booking.com/hotel/in/yog-niketan-villa.html	Title "Yog Niketan Villa"	2026-10-02
welina-shree-rishikesh	verified	MakeMyTrip	https://www.makemytrip.com/hotels/welina_shree_hotel-details-rishikesh.html	Welina Shree Hotel, Tapovan; no Booking.com page URL surfaced	2026-10-02
yog-niketan-by-sanskriti	verified	Booking.com	https://www.booking.com/hotel/in/yog-niketan-by-sanskriti.html	Exact title match	2026-10-02
yog-tapovan-mountain-view-room-private-balcony	verified	Booking.com	https://www.booking.com/hotel/in/yog-tapovan-amp-restaurant.html	Title 'Yog Tapovan -Mountain View Room -private balcony' (distinct from Hotel O Yog Tapovan / Hotel Yog Tapovan Rafting)	2026-10-02
zana-by-the-ganges-tapovan	verified	Booking.com	https://www.booking.com/hotel/in/zana-by-the-ganges-tapovan-rishikesh.html	ZANA by the Ganges, Tapovan exact	2026-10-02
