path	fingerprint	lastmod
/	252dbeb690fcc15c	2026-10-08
/about-rishikesh	7fb8763249cf8501	2026-10-06
/bike-and-taxi-rental-in-rishikesh	d84e27b66d081a68	2026-10-06
/bike-rental-in-haridwar	0722e3740e8b9303	2026-10-06
/bike-rental-in-rishikesh	5ad7011f6446c167	2026-10-06
/car-rental-in-haridwar	1a487e7c11d2fe70	2026-10-06
/car-rental-in-rishikesh	8964a06998c41da6	2026-10-06
/contact	bd68c7b2cf546a05	2026-10-07
/driving-from-delhi-to-haridwar	3007848eb36fefe9	2026-10-06
/driving-from-delhi-to-rishikesh	c11910a683b4345c	2026-10-06
/driving-from-faridabad-to-haridwar	4cbbdedd0f0d3f12	2026-10-06
/driving-from-faridabad-to-rishikesh	3bf9ee975c5eb14d	2026-10-06
/driving-from-ghaziabad-to-haridwar	726f00a097010960	2026-10-06
/driving-from-ghaziabad-to-rishikesh	3f7553d777c1f3f3	2026-10-06
/driving-from-greater-noida-to-haridwar	02e4e3dfea07e58f	2026-10-06
/driving-from-greater-noida-to-rishikesh	29cecb0d6c7b0e2e	2026-10-06
/driving-from-gurugram-to-haridwar	2c2e726ac925b52c	2026-10-06
/driving-from-gurugram-to-rishikesh	69cfe46b03bcbd94	2026-10-06
/driving-from-meerut-to-haridwar	09cc7f9c4d8dfceb	2026-10-06
/driving-from-meerut-to-rishikesh	2deadc493bbf0436	2026-10-06
/driving-from-noida-to-haridwar	f6f18d180f80068d	2026-10-06
/driving-from-noida-to-rishikesh	0b69f961f5c02d6e	2026-10-06
/driving-from-sonipat-to-haridwar	1a709f93319c99f2	2026-10-06
/driving-from-sonipat-to-rishikesh	f8fcfea7b3a10217	2026-10-06
/haridwar-kumbh-2027	a81c6ff4a0a312fd	2026-10-06
/homestays	9dc346de9ddbce0b	2026-10-08
/hotels	c29bb2ce4aec9f9a	2026-10-08
/hotels/3-4-and-5-star-hotels-in-dehradun	8bbf07d361756c2b	2026-10-08
/hotels/3-4-and-5-star-hotels-in-haridwar	ccf9be458a016dd1	2026-10-08
/hotels/3-4-and-5-star-hotels-in-mussoorie	63aa8aef791ee033	2026-10-08
/hotels/3-4-and-5-star-hotels-in-rishikesh	9047d02c251f691c	2026-10-08
/hotels/3-star-hotels-in-dehradun	2e48a983d03191fa	2026-10-08
/hotels/3-star-hotels-in-haridwar	9810ff40f2680b57	2026-10-08
/hotels/3-star-hotels-in-haridwar-near-ganga	b2bef2af870b1f09	2026-10-08
/hotels/3-star-hotels-in-haridwar-near-har-ki-pauri	715bfa1c6cdf3ef3	2026-10-08
/hotels/3-star-hotels-in-mussoorie	f76d2aba41193309	2026-10-08
/hotels/3-star-hotels-in-rishikesh	01516b197577de25	2026-10-08
/hotels/3-star-hotels-in-rishikesh-near-ganga	a8143265474960d1	2026-10-08
/hotels/3-star-hotels-in-rishikesh-near-laxman-jhula	4fce3ea79d8078a9	2026-10-08
/hotels/3-star-resorts-in-dehradun	1e6480fc1e0c0dd8	2026-10-08
/hotels/3-star-resorts-in-haridwar	17060e4a332a9415	2026-10-08
/hotels/3-star-resorts-in-mussoorie	667adfc10eaeb5ec	2026-10-08
/hotels/3-star-resorts-in-rishikesh	6dc8ba97b90ac7ff	2026-10-08
/hotels/4-and-5-star-hotels-in-dehradun	0afa89b0d9f13b63	2026-10-08
/hotels/4-and-5-star-hotels-in-haridwar	cd540549392302ef	2026-10-08
/hotels/4-and-5-star-hotels-in-mussoorie	ba64a918afd6c81a	2026-10-08
/hotels/4-and-5-star-hotels-in-rishikesh	cc4c475b954b9abe	2026-10-08
/hotels/4-star-hotels-in-haridwar-near-ganga	f872f19f1dfc6690	2026-10-08
/hotels/4-star-hotels-in-rishikesh-near-ganga	a5720be4f6b2bf3c	2026-10-08
/hotels/5-star-hotels-in-dehradun-for-wedding	25929099dacc92af	2026-10-08
/hotels/5-star-hotels-in-haridwar-for-wedding	d7a934a5d9191ebc	2026-10-08
/hotels/5-star-hotels-in-haridwar-near-ganga	367b6393b03f44a0	2026-10-08
/hotels/5-star-hotels-in-haridwar-near-river	0bd1c2f784a60960	2026-10-08
/hotels/5-star-hotels-in-mussoorie-for-wedding	8970315496672cf1	2026-10-08
/hotels/5-star-hotels-in-rishikesh-for-wedding	580b5c3239368a63	2026-10-08
/hotels/5-star-hotels-in-rishikesh-near-ganga	bf9f017dad97aaa7	2026-10-08
/hotels/5-star-hotels-in-rishikesh-near-river	3386cab23185d679	2026-10-08
/hotels/5-star-hotels-in-rishikesh-tapovan	15832751d1d17762	2026-10-08
/hotels/7-star-hotels-in-dehradun	11da7fa991598f5f	2026-10-08
/hotels/7-star-hotels-in-haridwar	9d6fce1004591904	2026-10-08
/hotels/7-star-hotels-in-mussoorie	b1f4906d1188b112	2026-10-08
/hotels/7-star-hotels-in-rishikesh	005168a252ce3a8e	2026-10-08
/hotels/advaitam-ganga-hill-view-luxury-3bhk-homestay-in-rishikesh	4d86ecde5591ab2c	2026-10-06
/hotels/airbnb-in-haridwar-near-ganga	4b3d281181d63505	2026-10-08
/hotels/airbnb-in-rishikesh-near-ganga	00c0e31f04adcfd8	2026-10-08
/hotels/best-2-bhk-stays-in-dehradun	baae56a191dc2b29	2026-10-08
/hotels/best-2-bhk-stays-in-haridwar	8519683c307f8ab1	2026-10-08
/hotels/best-2-bhk-stays-in-mussoorie	c1e5d11a11623ed3	2026-10-08
/hotels/best-2-bhk-stays-in-rishikesh	d33d374a269ab737	2026-10-08
/hotels/best-3-bhk-and-bigger-stays-in-dehradun	7070f880a40fb1cd	2026-10-08
/hotels/best-3-bhk-and-bigger-stays-in-haridwar	04d5e16178c9636b	2026-10-08
/hotels/best-3-bhk-and-bigger-stays-in-mussoorie	a2fca7a7a4f59c38	2026-10-08
/hotels/best-3-bhk-and-bigger-stays-in-rishikesh	9e195f2d333d738d	2026-10-08
/hotels/best-aparthotels-in-dehradun	0fcb8a7a9de09ec0	2026-10-08
/hotels/best-aparthotels-in-haridwar	e150c8599d1dec9f	2026-10-08
/hotels/best-aparthotels-in-mussoorie	22523a93462c8747	2026-10-08
/hotels/best-aparthotels-in-rishikesh	bfe8d7c3d32c04a3	2026-10-08
/hotels/best-apartments-in-dehradun	f0a671ac448b8b10	2026-10-08
/hotels/best-apartments-in-haridwar	7b56e7ebceb16bd2	2026-10-08
/hotels/best-apartments-in-mussoorie	d04924a072fedede	2026-10-08
/hotels/best-apartments-in-rishikesh	47cb3421d7cd4e27	2026-10-08
/hotels/best-ashram-stays-in-dehradun	f2aafc18e66cd558	2026-10-08
/hotels/best-ashram-stays-in-haridwar	0e9dd761a769e8e0	2026-10-08
/hotels/best-ashram-stays-in-mussoorie	10c4b8ea67e23f56	2026-10-08
/hotels/best-ashram-stays-in-rishikesh	77a750e7f5c1c8ed	2026-10-08
/hotels/best-backpacker-hostels-in-dehradun	6e73ccdadec750be	2026-10-08
/hotels/best-backpacker-hostels-in-haridwar	5bb1921e500a4c9c	2026-10-08
/hotels/best-backpacker-hostels-in-mussoorie	072acade31078fb4	2026-10-08
/hotels/best-backpacker-hostels-in-rishikesh	133dca8040f2a80e	2026-10-08
/hotels/best-bed-and-breakfasts-in-dehradun	d7331ef1b688fb2f	2026-10-08
/hotels/best-bed-and-breakfasts-in-haridwar	cc6bfac6f92120f7	2026-10-08
/hotels/best-bed-and-breakfasts-in-mussoorie	0053048e05b49ab8	2026-10-08
/hotels/best-bed-and-breakfasts-in-rishikesh	3c479142e774c561	2026-10-08
/hotels/best-boutique-hotels-in-dehradun	9523015f3b7ce7bf	2026-10-08
/hotels/best-boutique-hotels-in-haridwar	64b570b03b7a5c8c	2026-10-08
/hotels/best-boutique-hotels-in-mussoorie	f4e5868dfb66ba8a	2026-10-08
/hotels/best-boutique-hotels-in-rishikesh	60ad300c922f65d4	2026-10-08
/hotels/best-budget-stays-in-dehradun	0bc6c55a524aa609	2026-10-08
/hotels/best-budget-stays-in-haridwar	7d5d66e8e0506768	2026-10-08
/hotels/best-budget-stays-in-mussoorie	cf6493702b3110fd	2026-10-08
/hotels/best-budget-stays-in-rishikesh	9b7565dd6631dbea	2026-10-08
/hotels/best-business-hotels-in-dehradun	7d8ecb5148fdf2c5	2026-10-08
/hotels/best-business-hotels-in-haridwar	611dd76b04223088	2026-10-08
/hotels/best-business-hotels-in-mussoorie	f785c62c7bf8a464	2026-10-08
/hotels/best-business-hotels-in-rishikesh	96f520dc55ded2ce	2026-10-08
/hotels/best-camps-in-dehradun	3f9076bdf3877602	2026-10-08
/hotels/best-camps-in-haridwar	c3a936673249ceb7	2026-10-08
/hotels/best-camps-in-mussoorie	e50dda2472fab3c1	2026-10-08
/hotels/best-camps-in-rishikesh	7107e5ddc9ced1ef	2026-10-08
/hotels/best-cottages-in-dehradun	c5bf5738faa30a8f	2026-10-08
/hotels/best-cottages-in-haridwar	3b532c283ad5116b	2026-10-08
/hotels/best-cottages-in-mussoorie	5cac316780201f93	2026-10-08
/hotels/best-cottages-in-rishikesh	d83949b2ead4172b	2026-10-08
/hotels/best-dharamshalas-in-dehradun	5a451dbb044e6d79	2026-10-08
/hotels/best-dharamshalas-in-haridwar	1c88a454291255d7	2026-10-08
/hotels/best-dharamshalas-in-mussoorie	43297730da9794de	2026-10-08
/hotels/best-dharamshalas-in-rishikesh	d95a27c83bba883b	2026-10-08
/hotels/best-family-friendly-stays-in-dehradun	39bfd16dc919252d	2026-10-08
/hotels/best-family-friendly-stays-in-haridwar	f7542c712a6ce2aa	2026-10-08
/hotels/best-family-friendly-stays-in-mussoorie	9bfc5b6d760c9f75	2026-10-08
/hotels/best-family-friendly-stays-in-rishikesh	84f7244067d894bc	2026-10-08
/hotels/best-ganga-view-stays-in-dehradun	4fe2c82b9d5742a6	2026-10-08
/hotels/best-ganga-view-stays-in-haridwar	833d497a202068a5	2026-10-08
/hotels/best-ganga-view-stays-in-mussoorie	1b19ecbaa58f96c1	2026-10-08
/hotels/best-ganga-view-stays-in-rishikesh	8baa3dfe8b5c03a7	2026-10-08
/hotels/best-guest-houses-in-dehradun	c2ad5f338b5b7ed6	2026-10-08
/hotels/best-guest-houses-in-haridwar	8c94e3305535ed2a	2026-10-08
/hotels/best-guest-houses-in-mussoorie	a1404c9730e3d018	2026-10-08
/hotels/best-guest-houses-in-rishikesh	f41a911746330a8a	2026-10-08
/hotels/best-holiday-rentals-in-dehradun	e209730a17dc27ed	2026-10-08
/hotels/best-holiday-rentals-in-haridwar	80ea92446f291131	2026-10-08
/hotels/best-holiday-rentals-in-mussoorie	3eae036116348eee	2026-10-08
/hotels/best-holiday-rentals-in-rishikesh	0c3f7173c3d391b3	2026-10-08
/hotels/best-homestay-in-haridwar-near-ganga	9de706d8a253fb50	2026-10-08
/hotels/best-homestay-in-rishikesh-near-ganga	21c29b93aed7a300	2026-10-08
/hotels/best-homestays-in-dehradun	975a9329a0267754	2026-10-08
/hotels/best-homestays-in-haridwar	cd6ffa1634bd5e1a	2026-10-08
/hotels/best-homestays-in-mussoorie	f6fbc228cd226146	2026-10-08
/hotels/best-homestays-in-rishikesh	80fffa6e539c2aa6	2026-10-08
/hotels/best-hostels-in-dehradun	820e868f964efd7d	2026-10-08
/hotels/best-hostels-in-haridwar	d3170f7d0bd9584d	2026-10-08
/hotels/best-hostels-in-mussoorie	28a42b496a532b1b	2026-10-08
/hotels/best-hostels-in-rishikesh	2526d02bf5214b27	2026-10-08
/hotels/best-hotels-in-dehradun	a8f945689cebf25f	2026-10-08
/hotels/best-hotels-in-haridwar	90674c21d109a9cf	2026-10-08
/hotels/best-hotels-in-mussoorie	29684db07f89de3f	2026-10-08
/hotels/best-hotels-in-rishikesh	4d9c509aec44f0a5	2026-10-08
/hotels/best-lodges-in-dehradun	2a4878df40d02822	2026-10-08
/hotels/best-lodges-in-haridwar	21e2bc4d408a5813	2026-10-08
/hotels/best-lodges-in-mussoorie	bf25c616de6c0b2c	2026-10-08
/hotels/best-lodges-in-rishikesh	884942bb5d749b5f	2026-10-08
/hotels/best-long-stays-with-kitchen-in-dehradun	80a6be0a579ff260	2026-10-08
/hotels/best-long-stays-with-kitchen-in-haridwar	56219ed400c83e18	2026-10-08
/hotels/best-long-stays-with-kitchen-in-mussoorie	3cd59d186b1f38f4	2026-10-08
/hotels/best-long-stays-with-kitchen-in-rishikesh	b0c889b0f694a8f6	2026-10-08
/hotels/best-luxury-stays-in-dehradun	547713d76349ef09	2026-10-08
/hotels/best-luxury-stays-in-haridwar	f5d552f76227da59	2026-10-08
/hotels/best-luxury-stays-in-mussoorie	e8d0cfceba81c5d1	2026-10-08
/hotels/best-luxury-stays-in-rishikesh	639282e3007b9db1	2026-10-08
/hotels/best-pet-friendly-stays-in-dehradun	27fd984f38d39870	2026-10-08
/hotels/best-pet-friendly-stays-in-haridwar	ad065647d4c17453	2026-10-08
/hotels/best-pet-friendly-stays-in-mussoorie	3f4864e3d1e7b38d	2026-10-08
/hotels/best-pet-friendly-stays-in-rishikesh	495b556ab68a76f9	2026-10-08
/hotels/best-resort-in-haridwar-near-ganga	52a6a82cf64b870b	2026-10-08
/hotels/best-resort-in-rishikesh-near-ganga	36affe79f12ff6d9	2026-10-08
/hotels/best-resorts-in-dehradun	6d5b9e797df7c56f	2026-10-08
/hotels/best-resorts-in-haridwar	8ab918d00e00a096	2026-10-08
/hotels/best-resorts-in-mussoorie	4f978b7bd7b5c7a0	2026-10-08
/hotels/best-resorts-in-rishikesh	00a57881bcc88eae	2026-10-08
/hotels/best-riverside-resorts-in-haridwar	52a3dedbbece1bda	2026-10-08
/hotels/best-riverside-resorts-in-rishikesh	d66a5f16ba7c71c5	2026-10-08
/hotels/best-spa-and-wellness-stays-in-dehradun	fc40ca11fe1d7419	2026-10-08
/hotels/best-spa-and-wellness-stays-in-haridwar	be7e6321ee5b2231	2026-10-08
/hotels/best-spa-and-wellness-stays-in-mussoorie	e5bfce6896b66cd0	2026-10-08
/hotels/best-spa-and-wellness-stays-in-rishikesh	e49a08205e5fd614	2026-10-08
/hotels/best-stays-near-aiims-rishikesh	01438921651a4f71	2026-10-08
/hotels/best-stays-near-beatles-ashram	a7e1cb02d14eee92	2026-10-08
/hotels/best-stays-near-bhel-haridwar	d9095ed7433366ed	2026-10-08
/hotels/best-stays-near-camels-back-road-mussoorie	5fb362495ee7e9b8	2026-10-08
/hotels/best-stays-near-cbri-roorkee	a428eb67494edbfe	2026-10-08
/hotels/best-stays-near-chandi-devi-temple	c4ff7b61c95e6167	2026-10-08
/hotels/best-stays-near-clock-tower-dehradun	5b0fcde9a4c73c84	2026-10-08
/hotels/best-stays-near-daksh-mahadev-temple	ef0439bcd5b7e3ff	2026-10-08
/hotels/best-stays-near-dehradun-railway-station	54f7d2bbc123e810	2026-10-08
/hotels/best-stays-near-doon-school-dehradun	5cff6c2e5b52637e	2026-10-08
/hotels/best-stays-near-forest-research-institute-dehradun	d78b6aa7a82b4cb7	2026-10-08
/hotels/best-stays-near-gun-hill-mussoorie	1993b9b4de81c99e	2026-10-08
/hotels/best-stays-near-gurukul-kangri-university	8f565b81df6ecc7a	2026-10-08
/hotels/best-stays-near-happy-valley-mussoorie	deefa8f0ff64adee	2026-10-08
/hotels/best-stays-near-har-ki-pauri	58d6bc5e5c503030	2026-10-08
/hotels/best-stays-near-haridwar-railway-station	649cc113ddbe878c	2026-10-08
/hotels/best-stays-near-iit-roorkee	3b59281fe51deed2	2026-10-08
/hotels/best-stays-near-isbt-dehradun	51e7123a05bbc54a	2026-10-08
/hotels/best-stays-near-janki-setu	b102cbd09cf210e5	2026-10-08
/hotels/best-stays-near-kempty-falls	31ff5942a8020265	2026-10-08
/hotels/best-stays-near-landour-char-dukan	e4c37c786546a540	2026-10-08
/hotels/best-stays-near-laxman-jhula	86c4ac943ecb764a	2026-10-08
/hotels/best-stays-near-library-chowk-mussoorie	b4cc5ed1b2b70708	2026-10-08
/hotels/best-stays-near-mall-road-mussoorie	c36793c1be26bb2f	2026-10-08
/hotels/best-stays-near-mansa-devi-temple	277c3c778f76d879	2026-10-08
/hotels/best-stays-near-mindrolling-monastery-dehradun	0e3fa20bd109a7b6	2026-10-08
/hotels/best-stays-near-mussoorie-lake	31259a589a7f102c	2026-10-08
/hotels/best-stays-near-neelkanth-mahadev-temple	577810773406d610	2026-10-08
/hotels/best-stays-near-parmarth-niketan	ed220b70340e1403	2026-10-08
/hotels/best-stays-near-patanjali-yogpeeth	4a353c49801318b2	2026-10-08
/hotels/best-stays-near-ram-jhula	879c7dd54087583d	2026-10-08
/hotels/best-stays-near-rishikesh-isbt	9b401fda2e9996cc	2026-10-08
/hotels/best-stays-near-rishikesh-railway-station	2cce150e88bf2b21	2026-10-08
/hotels/best-stays-near-robbers-cave-dehradun	65c0ab066efba819	2026-10-08
/hotels/best-stays-near-sahastradhara	2b8e192b8d752517	2026-10-08
/hotels/best-stays-near-shantikunj	11de3bb8ab842351	2026-10-08
/hotels/best-stays-near-sidcul-haridwar	0eba8b35bb2873df	2026-10-08
/hotels/best-stays-near-tapkeshwar-temple-dehradun	81fe99fc2f5a3412	2026-10-08
/hotels/best-stays-near-thdc-rishikesh	9af471871d7389c2	2026-10-08
/hotels/best-stays-near-triveni-ghat	b151ae66efe88084	2026-10-08
/hotels/best-stays-with-airport-pickup-in-dehradun	d9ef43f3d433e0e9	2026-10-08
/hotels/best-stays-with-airport-pickup-in-haridwar	02b6583ae4bed32d	2026-10-08
/hotels/best-stays-with-airport-pickup-in-mussoorie	71606b8fd72495e6	2026-10-08
/hotels/best-stays-with-airport-pickup-in-rishikesh	d768b282be595895	2026-10-08
/hotels/best-stays-with-jacuzzi-in-dehradun	990378fbbcdc8c0b	2026-10-08
/hotels/best-stays-with-jacuzzi-in-haridwar	1676e8c06fb8e6f4	2026-10-08
/hotels/best-stays-with-jacuzzi-in-mussoorie	e3ab159c0a89741c	2026-10-08
/hotels/best-stays-with-jacuzzi-in-rishikesh	e15feaa2f0c3125f	2026-10-08
/hotels/best-stays-with-pool-in-dehradun	fbbb4cc3c9a0bdaa	2026-10-08
/hotels/best-stays-with-pool-in-haridwar	7469a94cfeec6a09	2026-10-08
/hotels/best-stays-with-pool-in-mussoorie	7695b327a1405bcf	2026-10-08
/hotels/best-stays-with-pool-in-rishikesh	00e9c59cc3dfee33	2026-10-08
/hotels/best-studio-and-1-bhk-stays-in-dehradun	a24ef63b24482a4a	2026-10-08
/hotels/best-studio-and-1-bhk-stays-in-haridwar	7b2bf15bc1246eb3	2026-10-08
/hotels/best-studio-and-1-bhk-stays-in-mussoorie	6da53e8f68e5739f	2026-10-08
/hotels/best-studio-and-1-bhk-stays-in-rishikesh	533a7ec91675cfb0	2026-10-08
/hotels/best-villas-in-dehradun	bc9c7e1eac064189	2026-10-08
/hotels/best-villas-in-haridwar	e4b3a22519bb9d37	2026-10-08
/hotels/best-villas-in-mussoorie	4d64c9ee1ac3a3c6	2026-10-08
/hotels/best-villas-in-rishikesh	8cc10745afe3cc91	2026-10-08
/hotels/best-yoga-stays-in-dehradun	d537457a945277f4	2026-10-08
/hotels/best-yoga-stays-in-haridwar	87ea34f94c07f8cd	2026-10-08
/hotels/best-yoga-stays-in-mussoorie	83c5f47a389cfacb	2026-10-08
/hotels/best-yoga-stays-in-rishikesh	57e4d5e25ac4ef7c	2026-10-08
/hotels/cheap-aparthotels-in-dehradun	3ccde9602864f570	2026-10-08
/hotels/cheap-aparthotels-in-haridwar	1cd98727497e36e5	2026-10-08
/hotels/cheap-aparthotels-in-mussoorie	b423c31a62be2e99	2026-10-08
/hotels/cheap-aparthotels-in-rishikesh	706afe64e65b81b4	2026-10-08
/hotels/cheap-apartments-in-dehradun	4201b795306352ea	2026-10-08
/hotels/cheap-apartments-in-haridwar	369c392fb7732d9c	2026-10-08
/hotels/cheap-apartments-in-mussoorie	5c602e26bd91ae87	2026-10-08
/hotels/cheap-apartments-in-rishikesh	b1ab812064992390	2026-10-08
/hotels/cheap-bed-and-breakfasts-in-dehradun	fe99519037a3e351	2026-10-08
/hotels/cheap-bed-and-breakfasts-in-haridwar	87c6abaaffd84f71	2026-10-08
/hotels/cheap-bed-and-breakfasts-in-mussoorie	caec615c9687cf18	2026-10-08
/hotels/cheap-bed-and-breakfasts-in-rishikesh	e7c01226044d279a	2026-10-08
/hotels/cheap-camps-in-dehradun	0907c39596ecc936	2026-10-08
/hotels/cheap-camps-in-haridwar	2241df6fd623c163	2026-10-08
/hotels/cheap-camps-in-mussoorie	9cc107a37cb59b2f	2026-10-08
/hotels/cheap-camps-in-rishikesh	e3ef822846598117	2026-10-08
/hotels/cheap-cottages-in-dehradun	1a4a741d2002db75	2026-10-08
/hotels/cheap-cottages-in-haridwar	74bf835f4f3b78af	2026-10-08
/hotels/cheap-cottages-in-mussoorie	18ad7c0824e03f99	2026-10-08
/hotels/cheap-cottages-in-rishikesh	8dfcd6bd708b241d	2026-10-08
/hotels/cheap-guest-houses-in-dehradun	1262e7fbcddaaa46	2026-10-08
/hotels/cheap-guest-houses-in-haridwar	59c82a2b2f1e4b14	2026-10-08
/hotels/cheap-guest-houses-in-mussoorie	00582c5c8206a993	2026-10-08
/hotels/cheap-guest-houses-in-rishikesh	9688628d93a804b8	2026-10-08
/hotels/cheap-homestay-in-dehradun	cc88f03b0699d925	2026-10-08
/hotels/cheap-homestay-in-haridwar	7e3f8937dd35ee56	2026-10-08
/hotels/cheap-homestay-in-mussoorie	e29965fe0a56ffc9	2026-10-08
/hotels/cheap-homestay-in-rishikesh	a30d9359307d340e	2026-10-08
/hotels/cheap-homestays-in-dehradun	43dab9ee03aabdda	2026-10-08
/hotels/cheap-homestays-in-haridwar	a6b3ec6d5e2546be	2026-10-08
/hotels/cheap-homestays-in-mussoorie	eaf949be668d7bc6	2026-10-08
/hotels/cheap-homestays-in-rishikesh	3a6b8a350e82f51f	2026-10-08
/hotels/cheap-hostels-in-dehradun	1bb90bf49a4aef1d	2026-10-08
/hotels/cheap-hostels-in-haridwar	f9eb1be712fa30aa	2026-10-08
/hotels/cheap-hostels-in-mussoorie	ebb5cf2acc374145	2026-10-08
/hotels/cheap-hostels-in-rishikesh	1a3534969ffec558	2026-10-08
/hotels/cheap-hotels-in-dehradun	a82518e555b8f24b	2026-10-08
/hotels/cheap-hotels-in-haridwar	9eaa8ba97e947ebe	2026-10-08
/hotels/cheap-hotels-in-mussoorie	f94d7e80ef5f78fe	2026-10-08
/hotels/cheap-hotels-in-rishikesh	8c9d8bdade37bc79	2026-10-08
/hotels/cheap-lodges-in-dehradun	de6bfa19fba881f1	2026-10-08
/hotels/cheap-lodges-in-haridwar	5255d5f207e8c819	2026-10-08
/hotels/cheap-lodges-in-mussoorie	310fa899c0d07ea2	2026-10-08
/hotels/cheap-lodges-in-rishikesh	9dc538b31f096b4a	2026-10-08
/hotels/cheap-resorts-in-dehradun	3717b2c0947b8bea	2026-10-08
/hotels/cheap-resorts-in-haridwar	13e62479c76e15c5	2026-10-08
/hotels/cheap-resorts-in-mussoorie	71a67b0347316df3	2026-10-08
/hotels/cheap-resorts-in-rishikesh	b85b566d6b2f2342	2026-10-08
/hotels/cheap-rooms-in-dehradun	f051cb47b9a352fa	2026-10-08
/hotels/cheap-rooms-in-haridwar	152ef4bb3636d911	2026-10-08
/hotels/cheap-rooms-in-mussoorie	0d5b4b622295d00d	2026-10-08
/hotels/cheap-rooms-in-rishikesh	0d9eb92cef41c204	2026-10-08
/hotels/cheap-villas-in-dehradun	e56b5a95d12e0d7f	2026-10-08
/hotels/cheap-villas-in-haridwar	d0e898d1e21ad717	2026-10-08
/hotels/cheap-villas-in-mussoorie	a86eb1e60555fd52	2026-10-08
/hotels/cheap-villas-in-rishikesh	44cd14566dcedafe	2026-10-08
/hotels/dehradun-5-star-hotels-with-pool	5fbc288e4a4f3c21	2026-10-08
/hotels/dehradun-accommodation	3f58b38755850050	2026-10-08
/hotels/dehradun-airbnb	66c853b45cedd1c4	2026-10-08
/hotels/dehradun-homestay-for-family	c5279cd426c1d693	2026-10-08
/hotels/dehradun-homestay-price	54f9a4cd982dd20a	2026-10-08
/hotels/dehradun-hotel-booking-under-1000	749183114dfb771f	2026-10-08
/hotels/dehradun-hotels-5-star	01ff20d092f69319	2026-10-08
/hotels/dehradun-hotels-and-resorts	bfe67e64267d57e7	2026-10-08
/hotels/dehradun-hotels-for-family	2d84e79a08ebd2e6	2026-10-08
/hotels/dehradun-hotels-low-price	50e99568e0109bda	2026-10-08
/hotels/dehradun-hotels-luxury	da05338439a10cb9	2026-10-08
/hotels/dehradun-hotels-near-railway-station	a804158f0ddb6312	2026-10-08
/hotels/dehradun-hotels-price	4c309bc0694a110a	2026-10-08
/hotels/dehradun-resorts-5-star	b8cabbd84fceac47	2026-10-08
/hotels/dehradun-resorts-camp	1e38cc113c8b8bda	2026-10-08
/hotels/dehradun-room-booking	ae09ad79b50829ee	2026-10-08
/hotels/dehradun-rooms-for-family	eaca7d27dcda0564	2026-10-08
/hotels/dehradun-rooms-low-price	0d11be1f2aad434c	2026-10-08
/hotels/dehradun-rooms-price	2c879ec007c23fa3	2026-10-08
/hotels/haridwar-5-star-hotels-with-pool	c48552877a70a5f6	2026-10-08
/hotels/haridwar-accommodation	a38c0e1fab94d1aa	2026-10-08
/hotels/haridwar-airbnb	b3bb6ba46f196c64	2026-10-08
/hotels/haridwar-homestay-for-family	d94343231fcc2c5f	2026-10-08
/hotels/haridwar-homestay-price	757ce726de39822d	2026-10-08
/hotels/haridwar-hotel-booking-near-har-ki-pauri	2f73f6bb81a1513e	2026-10-08
/hotels/haridwar-hotel-booking-under-1000	70195ed8e4ef6781	2026-10-08
/hotels/haridwar-hotels-5-star	5dc29569e6125c09	2026-10-08
/hotels/haridwar-hotels-and-resorts	f752031627f51495	2026-10-08
/hotels/haridwar-hotels-for-family	7e7a81294be8b4aa	2026-10-08
/hotels/haridwar-hotels-low-price	12ed53b6aec19013	2026-10-08
/hotels/haridwar-hotels-luxury	cf3050c82f0994f5	2026-10-08
/hotels/haridwar-hotels-near-ganga	1655c55c0eb93e0c	2026-10-08
/hotels/haridwar-hotels-near-railway-station	2284ae93e0d07af9	2026-10-08
/hotels/haridwar-hotels-near-river	21865f4e1665cb6d	2026-10-08
/hotels/haridwar-hotels-price	4a7e8cd6976d1275	2026-10-08
/hotels/haridwar-hotels-with-ganga-view	9148eb7aa8a6dd46	2026-10-08
/hotels/haridwar-resort-with-pool-near-ganga	47bf1bd71a50a7f6	2026-10-08
/hotels/haridwar-resorts-5-star	08d4a801f343c9f1	2026-10-08
/hotels/haridwar-resorts-camp	efcda262f828a104	2026-10-08
/hotels/haridwar-resorts-near-ganga	c23276e83fbbb2d9	2026-10-08
/hotels/haridwar-resorts-near-river	b72d0589444037d3	2026-10-08
/hotels/haridwar-resorts-near-river-with-swimming-pool	f205a9254099742c	2026-10-08
/hotels/haridwar-room-booking	cb5570bdd1d9e349	2026-10-08
/hotels/haridwar-rooms-for-family	c986df560ea4d98e	2026-10-08
/hotels/haridwar-rooms-low-price	a00305cb757c2207	2026-10-08
/hotels/haridwar-rooms-price	bc9f2a6049ca00bc	2026-10-08
/hotels/homestay-in-dehradun-near-clock-tower	375c51968fbe0ec6	2026-10-08
/hotels/homestay-in-dehradun-with-kitchen-price	5f0b0a3f9724dcf4	2026-10-08
/hotels/homestay-in-haridwar-near-ganga-river	a5fbb254c74b857b	2026-10-08
/hotels/homestay-in-haridwar-near-har-ki-pauri	b6bba92756b0169a	2026-10-08
/hotels/homestay-in-haridwar-with-kitchen-price	9e04c8ed5f6b6710	2026-10-08
/hotels/homestay-in-mussoorie-near-mall-road	c4c1fe074205db1c	2026-10-08
/hotels/homestay-in-mussoorie-with-kitchen-price	0ed242efbef0b56a	2026-10-08
/hotels/homestay-in-rishikesh-near-ganga-river	77a7948ec4b1148b	2026-10-08
/hotels/homestay-in-rishikesh-near-laxman-jhula	571151b8a48eea02	2026-10-08
/hotels/homestay-in-rishikesh-near-triveni-ghat	eb878c990b475f95	2026-10-08
/hotels/homestay-in-rishikesh-with-kitchen-price	e955c2d6e3775696	2026-10-08
/hotels/hotel-in-dehradun-under-500	92a12b9047986c1c	2026-10-08
/hotels/hotel-in-haridwar-under-500	2dd570a5c358f559	2026-10-08
/hotels/hotel-in-mussoorie-under-500	08ec12c468809768	2026-10-08
/hotels/hotel-in-rishikesh-under-500	79b1a14132d9c32d	2026-10-08
/hotels/hotels-in-haridwar-near-ganga	f98ace52bcad2235	2026-10-08
/hotels/hotels-in-rishikesh-near-ganga	ef0ab669e183b4c2	2026-10-08
/hotels/hotels-near-aiims-rishikesh	31b8bba181f29913	2026-10-08
/hotels/hotels-near-bhel-haridwar	e0bab93d006c209a	2026-10-08
/hotels/hotels-near-camel-s-back-road-mussoorie	6fece373e0623aeb	2026-10-08
/hotels/hotels-near-cbri-roorkee	7b50a24b648787c7	2026-10-08
/hotels/hotels-near-clock-tower-dehradun	7994b1acdf5557b1	2026-10-08
/hotels/hotels-near-doon-school-dehradun	22322b6edc317fa2	2026-10-08
/hotels/hotels-near-forest-research-institute-dehradun	047bdaa5ad5d029f	2026-10-08
/hotels/hotels-near-gun-hill-mussoorie	7301adaf7d3a3f64	2026-10-08
/hotels/hotels-near-gurukul-kangri-university-haridwar	9f905195271711c3	2026-10-08
/hotels/hotels-near-iit-roorkee	a88e7a380829ba60	2026-10-08
/hotels/hotels-near-isbt-dehradun	4e20bec8da952ef9	2026-10-08
/hotels/hotels-near-isbt-rishikesh	2bc5c2ba0e63d232	2026-10-08
/hotels/hotels-near-jolly-grant-airport	4fe80b1716bd42be	2026-10-08
/hotels/hotels-near-jolly-grant-airport-dehradun	7960e81b1e74ea41	2026-10-08
/hotels/hotels-near-kempty-falls	a6199efd94dfcd91	2026-10-08
/hotels/hotels-near-landour-mussoorie	1365e5cce67a01e6	2026-10-08
/hotels/hotels-near-library-chowk-mussoorie	b5fcbc53c6bf49c5	2026-10-08
/hotels/hotels-near-mall-road-mussoorie	a1f22f79a46381ac	2026-10-08
/hotels/hotels-near-mansa-devi-temple-haridwar	0e12ce1925f40001	2026-10-08
/hotels/hotels-near-mindrolling-monastery-dehradun	ac518067c7d9308f	2026-10-08
/hotels/hotels-near-mussoorie-lake	5446509674cf78c9	2026-10-08
/hotels/hotels-near-neelkanth-mahadev-temple	3fba98d14ed22209	2026-10-08
/hotels/hotels-near-parmarth-niketan-rishikesh	6f91fd73cf6d98fe	2026-10-08
/hotels/hotels-near-patanjali-haridwar	1c075d8d670a0091	2026-10-08
/hotels/hotels-near-ram-jhula-rishikesh	f9d66cf33d8593b5	2026-10-08
/hotels/hotels-near-robber-s-cave-dehradun	107d5a560c0b13cb	2026-10-08
/hotels/hotels-near-sahastradhara	cae9a21a971f2e4a	2026-10-08
/hotels/hotels-near-shantikunj-haridwar	f89f457274818c7b	2026-10-08
/hotels/hotels-near-sidcul-haridwar	6061c2383a6a5924	2026-10-08
/hotels/hotels-near-thdc-rishikesh	9f8a04231017d18a	2026-10-08
/hotels/luxury-resorts-in-haridwar-near-ganga	6703a21609164270	2026-10-08
/hotels/luxury-resorts-in-rishikesh-near-ganga	3d10c13dd44f4462	2026-10-08
/hotels/luxury-stays-in-dehradun	2ce2742066708a69	2026-10-08
/hotels/luxury-stays-in-haridwar	da07185c3b914d73	2026-10-08
/hotels/luxury-stays-in-mussoorie	1ac7b095b48bc185	2026-10-08
/hotels/luxury-stays-in-rishikesh	6d9eb93aee2ca22e	2026-10-08
/hotels/mussoorie-5-star-hotels-with-pool	6698972dd186ef91	2026-10-08
/hotels/mussoorie-accommodation	07e4f956fe76c269	2026-10-08
/hotels/mussoorie-airbnb	e71f64745435cc60	2026-10-08
/hotels/mussoorie-homestay-for-family	08d1b46c76dcdd92	2026-10-08
/hotels/mussoorie-homestay-price	159cea3031530d7f	2026-10-08
/hotels/mussoorie-hotel-booking-under-1000	650a6274959be7ec	2026-10-08
/hotels/mussoorie-hotels-5-star	9d8508f979a80ee3	2026-10-08
/hotels/mussoorie-hotels-and-resorts	6f3735ed21171478	2026-10-08
/hotels/mussoorie-hotels-for-family	a5db0d27938c3888	2026-10-08
/hotels/mussoorie-hotels-low-price	0eef0615319edc5b	2026-10-08
/hotels/mussoorie-hotels-luxury	5db9cf9803e6fd28	2026-10-08
/hotels/mussoorie-hotels-price	736993e6595b1ff3	2026-10-08
/hotels/mussoorie-resorts-5-star	1e9c97cfcac0f47e	2026-10-08
/hotels/mussoorie-resorts-camp	5ef32dc5ad41513c	2026-10-08
/hotels/mussoorie-room-booking	4c85e829e1838afc	2026-10-08
/hotels/mussoorie-rooms-for-family	e27bacf6c8bdf2ae	2026-10-08
/hotels/mussoorie-rooms-low-price	920810fb07388efe	2026-10-08
/hotels/mussoorie-rooms-price	c370ceffbb00921d	2026-10-08
/hotels/oyo-rooms-in-dehradun	b16bd163fc293915	2026-10-08
/hotels/oyo-rooms-in-haridwar	b6f35d0f2d70d1b9	2026-10-08
/hotels/oyo-rooms-in-mussoorie	72e2388eaa6477e8	2026-10-08
/hotels/oyo-rooms-in-rishikesh	3a3453686ec1e7fd	2026-10-08
/hotels/place-to-stay-in-dehradun	029e4cf9cc74c18f	2026-10-08
/hotels/place-to-stay-in-haridwar	3803e143eba35dd4	2026-10-08
/hotels/place-to-stay-in-mussoorie	8e96181cc2ea7fd4	2026-10-08
/hotels/place-to-stay-in-rishikesh	c8e36215e7a0aa51	2026-10-08
/hotels/rishikesh-5-star-hotels-with-pool	eff069a6b1a20659	2026-10-08
/hotels/rishikesh-accommodation	7ee8e93b30ed4205	2026-10-08
/hotels/rishikesh-airbnb	a2f02338f487fe0f	2026-10-08
/hotels/rishikesh-homestay-for-family	d6d24412d20e82d2	2026-10-08
/hotels/rishikesh-homestay-price	1f0f4875c08cb8b6	2026-10-08
/hotels/rishikesh-hotel-booking-near-triveni-ghat	a295a167b7055612	2026-10-08
/hotels/rishikesh-hotel-booking-under-1000	4b2571e74d937a74	2026-10-08
/hotels/rishikesh-hotels-5-star	602a10e6a1a569b2	2026-10-08
/hotels/rishikesh-hotels-and-resorts	54c0fe05a0cefde9	2026-10-08
/hotels/rishikesh-hotels-for-family	ceac2d7b1a282f4a	2026-10-08
/hotels/rishikesh-hotels-low-price	c298ed0ec21cfb1b	2026-10-08
/hotels/rishikesh-hotels-luxury	9296e6d36bf3984f	2026-10-08
/hotels/rishikesh-hotels-near-ganga	26a35bc910b5e14d	2026-10-08
/hotels/rishikesh-hotels-near-laxman-jhula	87518e93274e0587	2026-10-08
/hotels/rishikesh-hotels-near-railway-station	84a902c45e1c064a	2026-10-08
/hotels/rishikesh-hotels-near-river	d72481fbaa189fe2	2026-10-08
/hotels/rishikesh-hotels-price	665df23d015bad00	2026-10-08
/hotels/rishikesh-hotels-with-ganga-view	b58f104f5ba5a523	2026-10-08
/hotels/rishikesh-resort-with-pool-near-ganga	04921ced9674533b	2026-10-08
/hotels/rishikesh-resorts-5-star	462b927785d88cb8	2026-10-08
/hotels/rishikesh-resorts-camp	d6f462a3ba245594	2026-10-08
/hotels/rishikesh-resorts-near-ganga	10e62ca93623ccd2	2026-10-08
/hotels/rishikesh-resorts-near-river	4a03e943ae0e8e5b	2026-10-08
/hotels/rishikesh-resorts-near-river-with-swimming-pool	fb9b135afdff4c26	2026-10-08
/hotels/rishikesh-room-booking	944464235c0052d1	2026-10-08
/hotels/rishikesh-rooms-for-family	ea79c1b711b9c09b	2026-10-08
/hotels/rishikesh-rooms-low-price	c39a58836501c17d	2026-10-08
/hotels/rishikesh-rooms-price	a4d2f6f73e41d59b	2026-10-08
/hotels/room-booking-at-dehradun	a40c92d67d459c42	2026-10-08
/hotels/room-booking-at-haridwar	acfe0d407daea7b0	2026-10-08
/hotels/room-booking-at-mussoorie	8d826281da5f2b8e	2026-10-08
/hotels/room-booking-at-rishikesh	b58ce01a404d0280	2026-10-08
/hotels/rooms-near-aiims-rishikesh	c29a57f1e2597f14	2026-10-08
/hotels/rooms-near-bhel-haridwar	d30bb1410edf6c08	2026-10-08
/hotels/rooms-near-clock-tower-dehradun	751f6c1b3aa7aa05	2026-10-08
/hotels/rooms-near-dehradun-railway-station	75fb9c12567f1194	2026-10-08
/hotels/rooms-near-fri-dehradun	1394ef25c0c0481f	2026-10-08
/hotels/rooms-near-gurukul-kangri-university-haridwar	b2daff3d1585acd9	2026-10-08
/hotels/rooms-near-har-ki-pauri-haridwar	1c6d5ad88167e71c	2026-10-08
/hotels/rooms-near-haridwar-railway-station	0953014cd378b4e1	2026-10-08
/hotels/rooms-near-himalayan-hospital-jolly-grant	dcb76f4ac415dfd6	2026-10-08
/hotels/rooms-near-isbt-dehradun	a8e61a39ef90eae0	2026-10-08
/hotels/rooms-near-laxman-jhula-rishikesh	d9c97096acc4058b	2026-10-08
/hotels/rooms-near-mall-road-mussoorie	57db5bad803f28cb	2026-10-08
/hotels/rooms-near-patanjali-haridwar	4929ba20a6cd3a29	2026-10-08
/hotels/rooms-near-rishikesh-railway-station	cc65a93dc9991a16	2026-10-08
/hotels/rooms-near-shantikunj-haridwar	fa59df2d3611b2aa	2026-10-08
/hotels/rooms-near-thdc-rishikesh	5b845a9a68355adb	2026-10-08
/hotels/rooms-near-triveni-ghat-rishikesh	be79dba807deb550	2026-10-08
/hotels/top-10-apartments-in-dehradun	c904b3d87ac558df	2026-10-08
/hotels/top-10-apartments-in-haridwar	49708e545f661fa3	2026-10-08
/hotels/top-10-apartments-in-mussoorie	33ae75139940ddc5	2026-10-08
/hotels/top-10-apartments-in-rishikesh	d138e819dc9749c3	2026-10-08
/hotels/top-10-bed-and-breakfasts-in-dehradun	218b5eb82a4299a5	2026-10-08
/hotels/top-10-bed-and-breakfasts-in-haridwar	7c0d9a826ab3b599	2026-10-08
/hotels/top-10-bed-and-breakfasts-in-mussoorie	b762649677f41884	2026-10-08
/hotels/top-10-bed-and-breakfasts-in-rishikesh	533fe6546b8e9f2b	2026-10-08
/hotels/top-10-cottages-in-dehradun	e1f10ded2359211f	2026-10-08
/hotels/top-10-cottages-in-haridwar	ce35797943633b5f	2026-10-08
/hotels/top-10-cottages-in-mussoorie	81c532f7ea03f0e1	2026-10-08
/hotels/top-10-cottages-in-rishikesh	ae39e4b2b632d676	2026-10-08
/hotels/top-10-guest-houses-in-dehradun	dafefbf49e38c54b	2026-10-08
/hotels/top-10-guest-houses-in-haridwar	7f8253c05a766386	2026-10-08
/hotels/top-10-guest-houses-in-mussoorie	ab630a1f7bf6aeab	2026-10-08
/hotels/top-10-guest-houses-in-rishikesh	fcd9d0e3f8a4626f	2026-10-08
/hotels/top-10-homestays-in-dehradun	a750d1c6bf9b2260	2026-10-08
/hotels/top-10-homestays-in-haridwar	5be6387bc0409c37	2026-10-08
/hotels/top-10-homestays-in-mussoorie	520bb4a664b06e90	2026-10-08
/hotels/top-10-homestays-in-rishikesh	26cb0233d632bd40	2026-10-08
/hotels/top-10-hostels-in-dehradun	c9abf814e3f2acf3	2026-10-08
/hotels/top-10-hostels-in-haridwar	1d1c3e66544d030d	2026-10-08
/hotels/top-10-hostels-in-mussoorie	905ad658f41aecab	2026-10-08
/hotels/top-10-hostels-in-rishikesh	bbdc25640c91cfc0	2026-10-08
/hotels/top-10-hotels-in-dehradun	bad1a21528cfa297	2026-10-08
/hotels/top-10-hotels-in-haridwar	2134207bbf54c1b8	2026-10-08
/hotels/top-10-hotels-in-mussoorie	9f303955dfccf4b4	2026-10-08
/hotels/top-10-hotels-in-rishikesh	047cf41d491d2b90	2026-10-08
/hotels/top-10-resorts-in-dehradun	a25161948a633b01	2026-10-08
/hotels/top-10-resorts-in-haridwar	381cd74334bd2646	2026-10-08
/hotels/top-10-resorts-in-mussoorie	d349ef8870531a02	2026-10-08
/hotels/top-10-resorts-in-rishikesh	b73dedb771a97fcc	2026-10-08
/hotels/top-10-villas-in-dehradun	0ce6c5008c368bc3	2026-10-08
/hotels/top-10-villas-in-haridwar	91592afd615eb19e	2026-10-08
/hotels/top-10-villas-in-mussoorie	e87963382f36deed	2026-10-08
/hotels/top-10-villas-in-rishikesh	a5d2c721f3ea4c5d	2026-10-08
/kedarnath-yatra	dfece6f37d4cef27	2026-10-06
/list-your-homestay	94745fa524691162	2026-10-06
/places-to-visit	40420b718b5ddb64	2026-10-06
/report-a-bug	750960f5bd4262c4	2026-10-07
/taxi-rental-in-haridwar	795a981621846a9b	2026-10-06
/taxi-rental-in-rishikesh	2563a498ccb5885f	2026-10-06
/things-to-do-in-rishikesh	63301b09d27104c1	2026-10-06
/triveni-ghat	792c5b7196ebe694	2026-10-06
