brand	note
Taj	hotel group
Radisson	hotel group
Hyatt	hotel group
Marriott	hotel group
Hilton	hotel group
ITC	hotel group
Welcomhotel	ITC brand
Ibis	Accor
Novotel	Accor
Holiday Inn	IHG
Crowne Plaza	IHG
Courtyard	Marriott
Fairfield	Marriott
Four Points	Marriott
Aloft	Marriott
Lemon Tree	Indian chain
Ginger	Tata chain
Clarks	Indian chain
Sarovar	Indian chain
Pride	Indian chain
Park Inn	Radisson
Best Western	hotel group
Wyndham	hotel group
Ramada	Wyndham
Country Inn	Radisson
Sterling	holiday resorts
Club Mahindra	holiday resorts
Neemrana	heritage hotels
Aloha on the Ganges	known Rishikesh resort
Zostel	hostel brand
goSTOPS	hostel brand
Treebo	budget chain
Roseate	hotel group
